"tid","id"
1,"Amyl_nitrite"
2,"Antianginal"
3,"Butyl_nitrite"
4,"Cyclohexyl_nitrite"
5,"Diethylene_glycol_dinitrate"
6,"Ethylene_glycol_dinitrate"
7,"Ethyl_nitrite"
8,"Glyceryl_trinitrate_%28pharmacology%29"
9,"Isosorbide"
10,"Isosorbide_mononitrate"
11,"Ivabradine"
12,"Isopropyl_nitrite"
13,"Isosorbide_dinitrate"
14,"Methyl_nitrite"
15,"Nicorandil"
16,"Nifedipine"
17,"Nitroglycerin"
18,"PETN"
19,"Perhexiline"
20,"Poppers"
21,"Propylene_glycol_dinitrate"
22,"Ranolazine"
23,"Trimetazidine"
24,"Fluticasone/salmeterol"
25,"Isoprenaline"
26,"Hexoprenaline"
27,"Reproterol"
28,"Tranilast"
29,"Antimony_pentasulfide"
30,"Benproperine"
31,"Benzonatate"
32,"Bibenzonium_bromide"
33,"Butamirate"
34,"Carbocisteine"
35,"Clobutinol"
36,"Clofedanol"
37,"Cloperastine"
38,"Codeine"
39,"Corex"
40,"Cough_medicine"
41,"Delsym"
42,"Dextromethorphan"
43,"Dextropropoxyphene"
44,"Dibunate"
45,"Dimemorfan"
46,"Dimethoxanate"
47,"Domiodol"
48,"Dropropizine"
49,"Droxypropine"
50,"Erdosteine"
51,"Fedrilate"
52,"Letosteine"
53,"Levoverbenone"
54,"Levodropropizine"
55,"Levopropoxyphene"
56,"Meprotixol"
57,"Morclofone"
58,"Neltenexine"
59,"Nepinalone"
60,"Novrad"
61,"Normethadone"
62,"Noscapine"
63,"Oxtriphylline"
64,"Oxeladin"
65,"Oxolamine"
66,"Pentoxyverine"
67,"Phensidyl"
68,"Pholcodine"
69,"Piperidione"
70,"Prenoxdiazine"
71,"Purple_drank"
72,"Sorbutuss"
73,"Tipepidine"
74,"Toxic_cough_syrup"
75,"Zipeprol"
76,"Codoxime"
77,"Drotebanol"
78,"Glaucine"
79,"Actiq"
80,"Acamol"
81,"Acetyldihydrocodeine"
82,"Algifen"
83,"Alfentanil"
84,"Amitriptyline"
85,"Amobarbital"
86,"Analgesic"
87,"Aspergum"
88,"BC_Powder"
89,"Benorylate"
90,"Bezitramide"
91,"Buprenorphine"
92,"Butorphanol"
93,"Calpol"
94,"Cannabinoids"
95,"Chlorodyne"
96,"Cinchophen"
97,"Co-codamol"
98,"Co-dydramol"
99,"Compound_analgesic"
100,"DepoDur"
101,"Dichloralphenazone"
102,"Depon"
103,"Dihydrocodeinone_enol_acetate"
104,"Diproqualone"
105,"Dihydrocodeine"
106,"Dosulepin_hydrochloride"
107,"Endorphin"
108,"Epibatidine"
109,"Fioricet"
110,"Fentanyl"
111,"Fiorinal"
112,"Goody%27s_Powder"
113,"Hematoma_block"
114,"Hydrocodone"
115,"Hydrocodone_compound"
116,"Hydroxyzine"
117,"Hydromorphone"
118,"Infiltration_analgesia"
119,"Ketoprofen"
120,"Levomepromazine"
121,"List_of_paracetamol_brand_names"
122,"Local_analgesia"
123,"MS_Contin"
124,"Magnesium_salicylate"
125,"Menthol"
126,"Methadone"
127,"Metamizole"
128,"Migraleve"
129,"Morphine"
130,"Nabumetone"
131,"Nimesulide"
132,"Non-steroidal_anti-inflammatory_drug"
133,"Ohmefentanyl"
134,"Opiorphin"
135,"Panadol"
136,"Paracetamol"
137,"Phenadoxone"
138,"Phenazopyridine"
139,"Phenoperidine"
140,"Phenacetin"
141,"Phenazone"
142,"Properidine"
143,"Propionic_acid"
144,"Propyphenazone"
145,"RUB_A535"
146,"Regional_analgesia"
147,"Resiniferatoxin"
148,"Rofecoxib"
149,"Salicylic_acid"
150,"Sufentanil"
151,"Tectin_%28drug%29"
152,"Tolfenamic_acid"
153,"Tramadol"
154,"Tylenol"
155,"Valdecoxib"
156,"Vicodin"
157,"Xylazine"
158,"Ziconotide"
159,"Zaldiar"
160,"Bicifadine"
161,"Epiboxidine"
162,"Naproxcinod"
163,"Nefopam"
164,"Paracetamol/metoclopramide"
165,"Pulvinone"
166,"Romifidine"
167,"Tebanicline"
168,"Allobarbital"
169,"Althesin"
170,"Aprobarbital"
171,"Articaine"
172,"Butallylonal"
173,"Chloroform"
174,"Chloroethane"
175,"Cyclopropane"
176,"Cyclopal"
177,"Desflurane"
178,"Diethyl_ether"
179,"Entonox"
180,"Equithesin"
181,"Enflurane"
182,"Entropy_monitoring"
183,"Esketamine"
184,"Etomidate"
185,"Halogenated_ether"
186,"Halothane"
187,"Hexobarbital"
188,"Hyoscyamus_niger"
189,"Inhalational_anaesthetic"
190,"Isoflurane"
191,"Ketamine"
192,"List_of_anaesthetic_drugs"
193,"Medetomidine"
194,"Methohexital"
195,"Methoxypropane"
196,"Methoxyflurane"
197,"Narcobarbital"
198,"Nitrous_oxide"
199,"Phencyclidine"
200,"Proparacaine"
201,"Propanidid"
202,"Propofol"
203,"Secobarbital"
204,"Sevoflurane"
205,"Sodium_thiopental"
206,"Suxamethonium_chloride"
207,"Thialbarbital"
208,"Thiobutabarbital"
209,"Thiamylal"
210,"Tiletamine"
211,"Tricaine_methanesulfonate"
212,"Trichloroethylene"
213,"Vinyl_ether"
214,"Volatile_anaesthetic"
215,"Xenon"
216,"Fospropofol"
217,"Dogliotti%27s_principle"
218,"K-hole"
219,"Amylin"
220,"Anti-diabetic_drug"
221,"Biguanide"
222,"Buformin"
223,"Dapagliflozin"
224,"Exenatide"
225,"Genipin"
226,"Glucagon-like_peptide-1"
227,"Insulin"
228,"Insulin_glulisine"
229,"Insulin_aspart"
230,"Metformin"
231,"Phenformin"
232,"Politor"
233,"Pramlintide"
234,"Sitagliptin"
235,"Vildagliptin"
236,"GSK716155"
237,"Liraglutide"
238,"Sergliflozin_etabonate"
239,"Amlexanox"
240,"Anti-inflammatory"
241,"Cannabidiol"
242,"Curcumin"
243,"Cyclopentenone_prostaglandins"
244,"Diacerein"
245,"Fludroxycortide"
246,"Ginger"
247,"Hyssop"
248,"Icatibant"
249,"Lisofylline"
250,"Mesalazine"
251,"Oleocanthal"
252,"Oleuropein"
253,"Shea_butter"
254,"Adenosine"
255,"Ajmaline"
256,"Amiodarone"
257,"Antiarrhythmic_agent"
258,"Aprindine"
259,"Azimilide"
260,"Bretylium"
261,"Bufagin"
262,"Bunaftine"
263,"Chronotropic"
264,"Diacetolol"
265,"Digitalis"
266,"Digoxin"
267,"Disopyramide"
268,"Dofetilide"
269,"Dronedarone"
270,"Encainide"
271,"Flecainide"
272,"Ibutilide"
273,"Lidocaine"
274,"Lorcainide"
275,"Medigoxin"
276,"Mexiletine"
277,"Moricizine"
278,"N-Acetyl_procainamide"
279,"Phenytoin"
280,"Prajmaline"
281,"Procainamide"
282,"Propafenone"
283,"Propranolol"
284,"Quinidine"
285,"Sotalol"
286,"Sparteine"
287,"Tocainide"
288,"Verapamil"
289,"Clofilium"
290,"Indecainide"
291,"Landiolol"
292,"Nifekalant"
293,"Pilsicainide"
294,"Sematilide"
295,"Potassium_channel_blocker"
296,"Sodium_channel_blocker"
297,"Vernakalant"
298,"Acenocoumarol"
299,"Acid-citrate-dextrose"
300,"Ancrod"
301,"Anisindione"
302,"Anticoagulation_in_pregnancy"
303,"Apixaban"
304,"Anticoagulant"
305,"Ardeparin"
306,"Argatroban"
307,"Bivalirudin"
308,"Brodifacoum"
309,"Certoparin"
310,"Coumatetralyl"
311,"Dabigatran"
312,"Dalteparin"
313,"Danaparoid"
314,"Defibrotide"
315,"Direct_thrombin_inhibitor"
316,"Draculin"
317,"Enoxaparin"
318,"Fondaparinux"
319,"Hementin"
320,"Heparin"
321,"Hirudin"
322,"Lonomia"
323,"Low_molecular_weight_heparin"
324,"Phenindione"
325,"Phenprocoumon"
326,"Pindone"
327,"Policosanol"
328,"Rivaroxaban"
329,"Tioclomarol"
330,"Warfarin"
331,"Ximelagatran"
332,"Dicoumarol"
333,"Idraparinux"
334,"Nafamostat"
335,"Otamixaban"
336,"3-Quinuclidinyl_benzilate"
337,"Antispasmodic"
338,"Anticholinergic"
339,"Benactyzine"
340,"Butylscopolamine"
341,"Clinidium"
342,"Deliriant"
343,"Methscopolamine"
344,"N-Methyl-3-piperidyl_benzilate"
345,"N-Ethyl-3-piperidyl_benzilate"
346,"Phenglutarimide"
347,"Procyclidine_hydrochloride"
348,"Propiverine"
349,"Tridihexethyl"
350,"Tropatepine"
351,"Benzatropine"
352,"Clidinium_bromide"
353,"Ditran"
354,"EA-3167"
355,"Timepidium_bromide"
356,"Trimetaphan_camsilate"
357,"Donepezil"
358,"Galantamine"
359,"Memantine"
360,"Nicergoline"
361,"Rivastigmine"
362,"Tacrine"
363,"Alpha-GPC"
364,"Lecozotan"
365,"Semagacestat"
366,"Souvenaid"
367,"Acetazolamide"
368,"Alphenal"
369,"Anticonvulsant"
370,"Barbexaclone"
371,"Beclamide"
372,"Bentazepam"
373,"Benzodiazepine"
374,"Carisbamate"
375,"Carbamazepine"
376,"Ethotoin"
377,"Ethoxzolamide"
378,"Ethosuximide"
379,"Felbamate"
380,"Fludiazepam"
381,"Flurazepam"
382,"Flunitrazepam"
383,"Fosphenytoin"
384,"Gabapentin"
385,"Gamma-aminobutyric_acid"
386,"Gamma-amino-beta-hydroxybutyric_acid"
387,"Gidazepam"
388,"Halazepam"
389,"Lacosamide"
390,"Lamotrigine"
391,"Levetiracetam"
392,"List_of_psychotropic_medications"
393,"Lormetazepam"
394,"Lorazepam"
395,"Loprazolam"
396,"Medazepam"
397,"Mephenytoin"
398,"Mesuximide"
399,"Methylphenobarbital"
400,"Metharbital"
401,"Midazolam"
402,"Nimetazepam"
403,"Nitrazepam"
404,"Oxazolam"
405,"Oxcarbazepine"
406,"Oxazepam"
407,"Oxazolidinedione"
408,"Paraldehyde"
409,"Pentobarbital"
410,"Phenobarbital"
411,"Phenazepam"
412,"Pinazepam"
413,"Potassium_bromide"
414,"Prazepam"
415,"Pregabalin"
416,"Progabide"
417,"Quazepam"
418,"Rufinamide"
419,"Sodium_valproate"
420,"Stiripentol"
421,"Sultiame"
422,"Temazepam"
423,"Tiagabine"
424,"Topiramate"
425,"Trimethadione"
426,"Valpromide"
427,"Valproic_acid"
428,"Valnoctamide"
429,"Valproate_semisodium"
430,"Vigabatrin"
431,"Zonisamide"
432,"Ganaxolone"
433,"NCS-382"
434,"Premazepam"
435,"4-Dimethylaminophenol"
436,"Acetylcysteine"
437,"Antidote"
438,"Atropine"
439,"Aurea_Alexandrina"
440,"BIMU8"
441,"Bemegride"
442,"Bromhexine"
443,"Deferoxamine"
444,"Diprenorphine"
445,"Dimercaprol"
446,"EDTA"
447,"Mark_I_NAAK"
448,"Nalmefene"
449,"Naloxone"
450,"Obidoxime"
451,"Oxilorphan"
452,"Physostigmine"
453,"Pralidoxime"
454,"Protamine_sulfate"
455,"SCH-50911"
456,"Silibinin"
457,"Snake-stones"
458,"Venice_treacle"
459,"Allopurinol"
460,"Colchicine"
461,"Probenecid"
462,"Sulfinpyrazone"
463,"Benzbromarone"
464,"Antihemorrhagic"
465,"Chitosan"
466,"QuikClot"
467,"Vitamin_K"
468,"Witch_hazel_%28astringent%29"
469,"Zeolite"
470,"Romiplostim"
471,"Aceprometazine"
472,"Alimemazine"
473,"Astemizole"
474,"Azatadine"
475,"Azelastine"
476,"Benadryl"
477,"Brompheniramine"
478,"Chlorcyclizine"
479,"Chloropyramine"
480,"Chlorphenamine"
481,"Cinnarizine"
482,"Clemastine"
483,"Cold_capsule"
484,"Cyclizine"
485,"Cyproheptadine"
486,"Dexchlorpheniramine"
487,"Dexbrompheniramine"
488,"Diphenhydramine"
489,"Doxylamine"
490,"Ebastine"
491,"Emedastine"
492,"Epinastine"
493,"Fexofenadine"
494,"H1_antagonist"
495,"H2_antagonist"
496,"Histamine_antagonist"
497,"Ketotifen"
498,"Levocabastine"
499,"Mebhydrolin"
500,"Methdilazine"
501,"Mepyramine"
502,"Methapyrilene"
503,"NyQuil"
504,"Olopatadine"
505,"Pheniramine"
506,"Phenyltoloxamine"
507,"Resporal"
508,"Rondec"
509,"Semprex-D"
510,"Sominex"
511,"Talastine"
512,"Terfenadine"
513,"Triprolidine"
514,"Bepotastine"
515,"Dacemazine"
516,"Homochlorcyclizine"
517,"JNJ_7777120"
518,"Pemirolast"
519,"H3_antagonist"
520,"ACE_inhibitor"
521,"Aliskiren"
522,"Antihypertensive"
523,"Beta_blocker"
524,"Clonidine"
525,"Guanfacine"
526,"Hydralazine"
527,"Lofexidine"
528,"Metirosine"
529,"Methyldopa"
530,"Moxonidine"
531,"Perindopril/indapamide"
532,"Phentolamine"
533,"Reserpine"
534,"Rilmenidine"
535,"Sympatholytic"
536,"Zestoretic"
537,"Endralazine"
538,"Guanoclor"
539,"Pentolinium"
540,"Amidrine"
541,"Ergotamine"
542,"Methysergide"
543,"2%2C4-Dinitrophenol"
544,"Anti-obesity_drug"
545,"Diet_aid"
546,"Dirlotapide"
547,"Oleoyl-estrone"
548,"Orlistat"
549,"Amantadine"
550,"Benserazide"
551,"Biperiden"
552,"Bornaprine"
553,"Budipine"
554,"Carbidopa/levodopa"
555,"Carbidopa"
556,"Etilevodopa"
557,"Etybenzatropine"
558,"Melevodopa"
559,"Rasagiline"
560,"Selegiline"
561,"Piroheptine"
562,"Aloxiprin"
563,"Antiplatelet_drug"
564,"Aspirin"
565,"Carbasalate_calcium"
566,"Cilostazol"
567,"Cloricromen"
568,"Clopidogrel"
569,"Clorindione"
570,"Ditazole"
571,"Dipyridamole"
572,"Indobufen"
573,"Picotamide"
574,"Triflusal"
575,"Ramatroban"
576,"Terutroban"
577,"Acetophenazine"
578,"Antipsychotic"
579,"Benperidol"
580,"Bifeprunox"
581,"Bromperidol"
582,"Butyrophenone"
583,"Extrapyramidal_system"
584,"Lithium_pharmacology"
585,"Metergoline"
586,"Neuroleptic_malignant_syndrome"
587,"Penfluridol"
588,"Spiperone"
589,"Thioridazine"
590,"Amperozide"
591,"Blonanserin"
592,"Butaclamol"
593,"Carpipramine"
594,"Fananserin"
595,"GTS-21"
596,"Metitepine"
597,"Osanetant"
598,"TC-5619"
599,"Talnetant"
600,"Timiperone"
601,"Antipyretic"
602,"Kairine"
603,"Antithyroid_agent"
604,"Carbimazole"
605,"Iodine-131"
606,"Methylthiouracil"
607,"Methimazole"
608,"Propylthiouracil"
609,"Thioamide"
610,"Alendronic_acid"
611,"Bisphosphonate"
612,"Etidronic_acid"
613,"Ibandronic_acid"
614,"Methylene_diphosphonate"
615,"Pamidronic_acid"
616,"Risedronic_acid"
617,"Tiludronic_acid"
618,"Clodronic_acid"
619,"Incadronic_acid"
620,"Neridronic_acid"
621,"Olpadronic_acid"
622,"Zoledronic_acid"
623,"11-Hydroxy-THC"
624,"2-Arachidonoylglycerol"
625,"2-Arachidonyl_glyceryl_ether"
626,"Ajulemic_acid"
627,"Anandamide"
628,"CP_55%2C940"
629,"Cannabivarin"
630,"Cannabidivarin"
631,"Cannabicyclol"
632,"Cannabigerol"
633,"Cannabinol"
634,"Caryophyllene"
635,"Dimethylheptylpyran"
636,"Endocannabinoid_system"
637,"HU-210"
638,"JWH-133"
639,"Levonantradol"
640,"MK-9470"
641,"Methanandamide"
642,"Nabitan"
643,"Nabilone"
644,"Oleamide"
645,"Parahexyl"
646,"Sativex"
647,"THC-O-phosphate"
648,"THC-O-acetate"
649,"Tetrahydrocannabinol"
650,"Tetrahydrocannabivarin"
651,"Virodhamine"
652,"WIN_55%2C212-2"
653,"11-nor-9-Carboxy-THC"
654,"2-Isopropyl-5-methyl-1-%282%2C6-dihydroxy-4-nonylphenyl%29cyclohex-1-ene"
655,"A-41988"
656,"AM-087"
657,"AM-4030"
658,"AM-411"
659,"AM-905"
660,"AM-919"
661,"AM-938"
662,"AMG-3"
663,"AMG-36"
664,"AM-855"
665,"AM-906"
666,"AMG-1"
667,"AMG-41"
668,"BAY_38-7271"
669,"BAY_59-3074"
670,"BML-190"
671,"CP_55%2C244"
672,"CP_47%2C497"
673,"Cannabichromene"
674,"HU-308"
675,"JTE-907"
676,"JWH-015"
677,"JWH-018"
678,"JWH-081"
679,"JWH-200"
680,"JWH-307"
681,"JWH-030"
682,"JWH-051"
683,"JWH-147"
684,"JWH-171"
685,"JWH-073"
686,"L-759%2C633"
687,"L-759%2C656"
688,"LY-320%2C135"
689,"NESS-0327"
690,"N-arachidonoyl-dopamine"
691,"O-2694"
692,"Nonabine"
693,"O-1238"
694,"O-2545"
695,"O-806"
696,"O-823"
697,"O-1057"
698,"O-1125"
699,"Pravadoline"
700,"Surinabant"
701,"Tetrahydrocannabinol-C4"
702,"VCHSR"
703,"Contraceptive_sponge"
704,"Emergency_contraception"
705,"Intrauterine_device"
706,"Nonoxynol-9"
707,"Ormeloxifene"
708,"Paragard"
709,"Quinacrine"
710,"Spermicide"
711,"17-N-Allylamino-17-demethoxygeldanamycin"
712,"3-Aminopyridine-2-carboxaldehyde_thiosemicarbazone"
713,"ABVD"
714,"AVICINE"
715,"Acridine_carboxamide"
716,"Actinomycin"
717,"Alkylating_antineoplastic_agent"
718,"Amonafide"
719,"Amsacrine"
720,"Aminopterin"
721,"Anthracenedione"
722,"Antineoplastic"
723,"Antitumorigenic_herbs"
724,"Antineoplaston"
725,"Atiprimod"
726,"Azathioprine"
727,"BL22"
728,"Bleomycin"
729,"Biosynthesis_of_doxorubicin"
730,"Biricodar"
731,"Bortezomib"
732,"Bryostatin"
733,"Busulfan"
734,"CMF_%28chemotherapy%29"
735,"Calyculin"
736,"Camptothecin"
737,"Capecitabine"
738,"Carboplatin"
739,"Chemotherapy"
740,"Chemotherapy_regimens"
741,"Chlorambucil"
742,"Cladribine"
743,"Cisplatin"
744,"Clofarabine"
745,"Cyclophosphamide"
746,"Cytarabine"
747,"Dacarbazine"
748,"Dasatinib"
749,"Decitabine"
750,"Dichloroacetic_acid"
751,"Discodermolide"
752,"Docetaxel"
753,"Epothilone"
754,"Estramustine"
755,"Etoposide"
756,"Exisulind"
757,"Exatecan"
758,"Ferruginol"
759,"Floxuridine"
760,"Fluorouracil"
761,"Fludarabine"
762,"Fosfestrol"
763,"Fotemustine"
764,"Gemcitabine"
765,"Hazardous_drugs"
766,"History_of_cancer_chemotherapy"
767,"Hydroxyurea"
768,"Ifosfamide"
769,"Imiquimod"
770,"Irofulven"
771,"Irinotecan"
772,"Ixabepilone"
773,"Lapatinib"
774,"Lenalidomide"
775,"Liposomal_doxorubicin"
776,"Liposomal_daunorubicin"
777,"List_of_chemotherapeutic_agents"
778,"Lomustine"
779,"Lurtotecan"
780,"Mafosfamide"
781,"Masoprocol"
782,"Mechlorethamine"
783,"Mercaptopurine"
784,"Methotrexate"
785,"Mitoxantrone"
786,"Mitomycin"
787,"Mitotane"
788,"Nelarabine"
789,"Nilotinib"
790,"Nitrogen_mustard"
791,"Oxaliplatin"
792,"PAC-1"
793,"Paclitaxel"
794,"Pawpaw"
795,"Pemetrexed"
796,"Pentostatin"
797,"Pipobroman"
798,"Pixantrone"
799,"Plicamycin"
800,"Procarbazine"
801,"Proteasome_inhibitor"
802,"Raltitrexed"
803,"Rebeccamycin"
804,"SN-38"
805,"Salinosporamide_A"
806,"Satraplatin"
807,"Stanford_V"
808,"Streptozotocin"
809,"Swainsonine"
810,"Targeted_therapy"
811,"Tegafur-uracil"
812,"Temozolomide"
813,"Taxane"
814,"ThioTEPA"
815,"Tioguanine"
816,"Topotecan"
817,"Trabectedin"
818,"Tretinoin"
819,"Triplatin_tetranitrate"
820,"Tris%282-chloroethyl%29amine"
821,"Troxacitabine"
822,"Uramustine"
823,"Vinblastine"
824,"Vinorelbine"
825,"Vincristine"
826,"Vorinostat"
827,"Zosuquidar"
828,"Alvocidib"
829,"Azacitidine"
830,"Bendamustine"
831,"Efaproxiral"
832,"Enocitabine"
833,"Eribulin"
834,"Forodesine"
835,"Imexon"
836,"Laniquidar"
837,"Mannosulfan"
838,"Mitobronitol"
839,"Nedaplatin"
840,"Nimustine"
841,"Ranimustine"
842,"Rubitecan"
843,"Semicarbazide-Cadmium_Therapy"
844,"Tariquidar"
845,"Tegafur"
846,"Temoporfin"
847,"Testolactone"
848,"Trofosfamide"
849,"Vinflunine"
850,"CBV_%28chemotherapy%29"
851,"ICE_Chemo"
852,"IT-101"
853,"Oblimersen"
854,"Talaporfin"
855,"Calcium_hexamine_thiocyanate"
856,"Cathine"
857,"Cyclopentamine"
858,"Decongestant"
859,"Ephedrine"
860,"Naphazoline"
861,"Phenylpropanolamine"
862,"Phenylephrine"
863,"Pseudoephedrine"
864,"Vicks_Sinex"
865,"2nd_Skin"
866,"4-Methylbenzylidene_camphor"
867,"Acunol"
868,"Adapalene"
869,"Adcon-L"
870,"Ammonium_bituminosulfonate"
871,"Aqueous_cream"
872,"Avobenzone"
873,"Azelaic_acid"
874,"Avobenzone_%28data_page%29"
875,"Bag_Balm"
876,"Bemotrizinol"
877,"Benzoyl_peroxide"
878,"Benzaclin"
879,"Benzamycin"
880,"Bisoctrizole"
881,"Bisdisulizole_disodium"
882,"Boudreaux%27s_Butt_Paste"
883,"Burt%27s_Bees"
884,"Burow%27s_solution"
885,"Calcipotriol"
886,"Calmurid"
887,"Coal_tar"
888,"Cleanser"
889,"Dithranol"
890,"Differin"
891,"Diprobase"
892,"Ecamsule"
893,"Eczemol"
894,"Emollient"
895,"Glycolic_acid"
896,"Helioplex"
897,"Lauromacrogols"
898,"Lip_balm"
899,"Metronidazole"
900,"Moisturizer"
901,"Mupirocin"
902,"Nicomide"
903,"Noritate"
904,"PUVA"
905,"Psorizide_Forte"
906,"Spenol"
907,"Sunscreen"
908,"Toner_%28skin_care%29"
909,"Zinc_pyrithione"
910,"Diethylamino_hydroxybenzoyl_hexyl_benzoate"
911,"Ethylhexyl_triazone"
912,"Nadifloxacin"
913,"Baby_bottom_butter"
914,"Drometrizole_trisiloxane"
915,"Iscotrizinol"
916,"Polysilicone-15"
917,"Ambrisentan"
918,"Bosentan"
919,"Endothelin_receptor_antagonist"
920,"Sitaxentan"
921,"AEBSF"
922,"Aldose_reductase_inhibitor"
923,"Alpha-amanitin"
924,"Aphidicolin"
925,"Cipemastat"
926,"Cilastatin"
927,"Cystatin"
928,"Enzyme_inhibitor"
929,"Epalrestat"
930,"Farnesyltransferase_inhibitor"
931,"Fosmidomycin"
932,"Fumonisin_B1"
933,"Inhibitor_of_DNA-binding_protein"
934,"Integrase_inhibitor"
935,"Lipstatin"
936,"Methoxy_arachidonyl_fluorophosphonate"
937,"Miglustat"
938,"Myxothiazol"
939,"Non-competitive_inhibition"
940,"Nogo_A"
941,"PUGNAc"
942,"Piericidin_A"
943,"Portmanteau_inhibitor"
944,"Ranirestat"
945,"Reverse_transcriptase_inhibitor"
946,"Rhc80267"
947,"Ribonuclease_inhibitor"
948,"Saralasin"
949,"Sodium_fluoroacetate"
950,"Tautomycin"
951,"Thapsigargin"
952,"Triacsin_C"
953,"Trichostatin_A"
954,"Trilostane"
955,"U0126"
956,"Uncompetitive_inhibitor"
957,"Virokine"
958,"Zinc_finger_inhibitor"
959,"7-Nitroindazole"
960,"Betamipron"
961,"Camostat"
962,"Fenclonine"
963,"Fusaric_acid"
964,"Nepicastat"
965,"Propane-1%2C2%2C3-tricarboxylic_acid"
966,"RB-101"
967,"Sivelestat"
968,"Entry_inhibitor"
969,"Apomorphine_%28data_page%29"
970,"Apomorphine"
971,"Bremelanotide"
972,"Burantashi"
973,"Caverject"
974,"Testosterone"
975,"Darbepoetin_alfa"
976,"Epoetin_beta"
977,"Erythropoiesis-stimulating_agent"
978,"Erythropoietin"
979,"Epoetin_alfa"
980,"Continuous_erythropoitin_receptor_activator"
981,"Methoxy_polyethylene_glycol-epoetin_beta"
982,"Guaiacolsulfonate"
983,"Guaifenesin"
984,"Potassium_iodide"
985,"Tyloxapol"
986,"Alka-Seltzer"
987,"Antacid"
988,"Bismuth_subgallate"
989,"Bismuth_subsalicylate"
990,"Bromo-Seltzer"
991,"Carbenoxolone"
992,"Drotaverine"
993,"GI_Cocktail"
994,"Gastrocaine"
995,"Lubiprostone"
996,"Maalox"
997,"Nauseant"
998,"Pepcid_Complete"
999,"Prostaglandin_analogue"
1000,"Reflux_suppressant"
1001,"Setlers"
1002,"Sucralfate"
1003,"Benexate"
1004,"Cetraxate"
1005,"Eupatilin"
1006,"Itopride"
1007,"Sofalcone"
1008,"Tiropramide"
1009,"Seidlitz_powder"
1010,"1%2C4%2C6-Androstatrien-3%2C17-dione"
1011,"Antiandrogen"
1012,"Aromatase_inhibitor"
1013,"Conivaptan"
1014,"Danazol"
1015,"Desiccated_thyroid_extract"
1016,"Desmopressin"
1017,"Gonadotropin-releasing_hormone_antagonist"
1018,"Gonadotropin-releasing_hormone_analogue"
1019,"Gonadotropin-releasing_hormone_agonist"
1020,"Lanreotide"
1021,"Levothyroxine"
1022,"Octreotide"
1023,"Repronex"
1024,"Serostim"
1025,"Somatostatin"
1026,"Tetracosactide"
1027,"Tibolone"
1028,"Tolvaptan"
1029,"Urofollitropin"
1030,"Mozavaptan"
1031,"Satavaptan"
1032,"Acipimox"
1033,"ApoA-1_Milano"
1034,"Benfluorex"
1035,"Bile_acid_sequestrant"
1036,"Cholesterol_absorption_inhibitor"
1037,"Cholestyramine"
1038,"Colesevelam"
1039,"Ezetimibe"
1040,"Hypolipidemic_agent"
1041,"Lapaquistat"
1042,"Magnesium_pyridoxal_5-phosphate_glutamate"
1043,"Meglutol"
1044,"Niacin"
1045,"Torcetrapib"
1046,"Mipomersen"
1047,"Ampligen"
1048,"Lentinan"
1049,"Low_dose_naltrexone"
1050,"Roquinimex"
1051,"Thymopentin"
1052,"Albinterferon"
1053,"Alefacept"
1054,"Anakinra"
1055,"Anti-thymocyte_globulin"
1056,"Anti-lymphocyte_globulin"
1057,"Ascomycin"
1058,"Auranofin"
1059,"Aurothioglucose"
1060,"Basiliximab"
1061,"CDP323"
1062,"Ciclosporin"
1063,"Cortisol"
1064,"Daclizumab"
1065,"Disodium_aurothiomalate"
1066,"Disease-modifying_antirheumatic_drug"
1067,"Etanercept"
1068,"Everolimus"
1069,"Fingolimod"
1070,"Gliotoxin"
1071,"Gold_salts"
1072,"Gusperimus"
1073,"Immunosuppressant"
1074,"Immunosuppressive_agents"
1075,"Immunosuppressive_drug"
1076,"Laquinimod"
1077,"Leflunomide"
1078,"Mycophenolic_acid"
1079,"Natalizumab"
1080,"Penicillamine"
1081,"Pimecrolimus"
1082,"Prednisone"
1083,"Psc833"
1084,"Sirolimus"
1085,"Sodium_aurothiomalate"
1086,"Sulfasalazine"
1087,"Tacrolimus"
1088,"4-Deoxypyridoxine"
1089,"Deforolimus"
1090,"Mizoribine"
1091,"Teriflunomide"
1092,"Ustekinumab"
1093,"Zotarolimus"
1094,"Testicular_immunology"
1095,"Dopamine"
1096,"Inotrope"
1097,"Levosimendan"
1098,"Abagovomab"
1099,"Abatacept"
1100,"Abzyme"
1101,"Abciximab"
1102,"Adalimumab"
1103,"Adecatumumab"
1104,"Afelimomab"
1105,"Alemtuzumab"
1106,"Altumomab"
1107,"Anatumomab_mafenatox"
1108,"Apolizumab"
1109,"Arcitumomab"
1110,"Aselizumab"
1111,"Atlizumab"
1112,"Atorolimumab"
1113,"Bapineuzumab"
1114,"Bavituximab"
1115,"Bectumomab"
1116,"Belatacept"
1117,"Belimumab"
1118,"Bertilimumab"
1119,"Bevacizumab"
1120,"Biciromab_brallobarbital"
1121,"Besilesomab"
1122,"Bivatuzumab_mertansine"
1123,"Canakinumab"
1124,"Cantuzumab_mertansine"
1125,"Capromab_pendetide"
1126,"Cedelizumab"
1127,"Certolizumab_pegol"
1128,"Cetuximab"
1129,"Catumaxomab"
1130,"Clenoliximab"
1131,"Dacetuzumab"
1132,"Denosumab"
1133,"Detumomab"
1134,"Dorlixizumab"
1135,"Ecromeximab"
1136,"Eculizumab"
1137,"Edobacomab"
1138,"Edrecolomab"
1139,"Efalizumab"
1140,"Efungumab"
1141,"Elsilimomab"
1142,"Erlizumab"
1143,"Epratuzumab"
1144,"Ertumaxomab"
1145,"Etaracizumab"
1146,"Exbivirumab"
1147,"Faralimomab"
1148,"Felvizumab"
1149,"Fontolizumab"
1150,"Gantenerumab"
1151,"Galiximab"
1152,"Gemtuzumab_ozogamicin"
1153,"Golimumab"
1154,"Humanized_antibody"
1155,"Ibalizumab"
1156,"Ibritumomab_tiuxetan"
1157,"Inolimomab"
1158,"Igovomab"
1159,"Infliximab"
1160,"Inotuzumab_ozogamicin"
1161,"Imciromab"
1162,"Ipilimumab"
1163,"Iratumumab"
1164,"Keliximab"
1165,"Labetuzumab"
1166,"Lemalesomab"
1167,"Lebrilizumab"
1168,"Lerdelimumab"
1169,"Libivirumab"
1170,"Lexatumumab"
1171,"Lintuzumab"
1172,"List_of_monoclonal_antibodies"
1173,"Lucatumumab"
1174,"Lumiliximab"
1175,"Mapatumumab"
1176,"Maslimomab"
1177,"Matuzumab"
1178,"Mepolizumab"
1179,"Metelimumab"
1180,"Minretumomab"
1181,"Mitumomab"
1182,"Monoclonal_antibodies"
1183,"Morolimumab"
1184,"Motavizumab"
1185,"Nacolomab_tafenatox"
1186,"Naptumomab_estafenatox"
1187,"Nebacumab"
1188,"Nerelimomab"
1189,"Nimotuzumab"
1190,"Nomenclature_of_monoclonal_antibodies"
1191,"Ocrelizumab"
1192,"Ofatumumab"
1193,"Odulimomab"
1194,"Omalizumab"
1195,"Oregovomab"
1196,"Otelixizumab"
1197,"Pagibaximab"
1198,"Panitumumab"
1199,"Palivizumab"
1200,"Pascolizumab"
1201,"Pertuzumab"
1202,"Pemtumomab"
1203,"Pexelizumab"
1204,"Priliximab"
1205,"Pritumumab"
1206,"Raxibacumab"
1207,"Ranibizumab"
1208,"Regavirumab"
1209,"Reslizumab"
1210,"Rituximab"
1211,"Rovelizumab"
1212,"Ruplizumab"
1213,"Satumomab_pendetide"
1214,"Sevirumab"
1215,"Sibrotuzumab"
1216,"Siplizumab"
1217,"Stamulumab"
1218,"Sulesomab"
1219,"TGN1412"
1220,"Tacatuzumab_tetraxetan"
1221,"Talizumab"
1222,"Tadocizumab"
1223,"Taplitumomab_paptox"
1224,"Technetium_%2899mTc%29_nofetumomab_merpentan"
1225,"Tefibazumab"
1226,"Technetium_%2899mTc%29_pintumomab"
1227,"Telimomab_aritox"
1228,"Technetium_%2899mTc%29_fanolesomab"
1229,"Teplizumab"
1230,"Teneliximab"
1231,"Tocilizumab"
1232,"Toralizumab"
1233,"Trastuzumab"
1234,"Tremelimumab"
1235,"Tucotuzumab_celmoleukin"
1236,"Tuvirumab"
1237,"Urtoxazumab"
1238,"Vapaliximab"
1239,"Vepalimomab"
1240,"Visilizumab"
1241,"Votumumab"
1242,"Volociximab"
1243,"Yttrium_Y_90_ibritumomab_tiuxetan"
1244,"Zalutumumab"
1245,"Zanolimumab"
1246,"Zolimomab_aritox"
1247,"Aflibercept"
1248,"Blinatumomab"
1249,"Elotuzumab"
1250,"Rilonacept"
1251,"PRO_140"
1252,"Afloqualone"
1253,"Aminosteroid"
1254,"Baclofen"
1255,"Botulinum_toxin"
1256,"Carisoprodol"
1257,"Chlorzoxazone"
1258,"Chlormezanone"
1259,"Cisatracurium"
1260,"Curare"
1261,"Cyclobenzaprine"
1262,"Dantrolene"
1263,"Decamethonium"
1264,"Doxacurium_chloride"
1265,"Emylcamate"
1266,"Eperisone"
1267,"Febarbamate"
1268,"Flavoxate"
1269,"Gallamine"
1270,"Hexafluronium_bromide"
1271,"Meprobamate"
1272,"Mephenesin"
1273,"Metaxalone"
1274,"Methocarbamol"
1275,"Muscle_relaxant"
1276,"Neuromuscular-blocking_drug"
1277,"Orphenadrine"
1278,"Pancuronium"
1279,"Phenprobamate"
1280,"Pipecuronium_bromide"
1281,"Rapacuronium"
1282,"Rocuronium"
1283,"Suxethonium_chloride"
1284,"Tizanidine"
1285,"Tolperisone"
1286,"Triazolam"
1287,"Tubocurarine"
1288,"Vecuronium"
1289,"Alcuronium_chloride"
1290,"Muscol"
1291,"Parasympathomimetic_drug"
1292,"Aluminium_hydroxide"
1293,"Calcium_carbonate"
1294,"Calcium_acetate"
1295,"Lanthanum_carbonate"
1296,"Phoslo"
1297,"Phosphate_binders"
1298,"Sevelamer"
1299,"Fermagate"
1300,"Methoxsalen"
1301,"Porfimer_sodium"
1302,"Psoralen"
1303,"1%2C4-Butanediol"
1304,"AMPT"
1305,"Anxiolytic"
1306,"Anxiogenic"
1307,"Bufotoxin"
1308,"Bulbocapnine"
1309,"Depressant"
1310,"Diphenyl_prolinol"
1311,"Drug-na%C3%AFve"
1312,"Gamma-Hydroxybutyric_acid"
1313,"Hard_and_soft_drugs"
1314,"Harmine"
1315,"Inhalant"
1316,"Journal_of_Psychoactive_Drugs"
1317,"Kavalactone"
1318,"Kratom"
1319,"Lactucarium"
1320,"MDP2P"
1321,"Mood_stabilizer"
1322,"Non-medical_use_of_dextromethorphan"
1323,"Pemoline"
1324,"Psychoactive_drug/diagram_references"
1325,"Psychotomimetic"
1326,"Psychiatric_medication"
1327,"Psychoactive_drug"
1328,"Psychopharmacology"
1329,"Salvia_divinorum"
1330,"Speedball_%28drug%29"
1331,"Stimulant"
1332,"Theriac"
1333,"Valerian_%28herb%29"
1334,"L-DOPA"
1335,"Zombie_dust_%28narcotic%29"
1336,"Atrosanguineus_Breath"
1337,"Dusting_%28inhalent_abuse%29"
1338,"The_Rhetoric_of_Drugs"
1339,"Victor_A._Reko"
1340,"Almitrine"
1341,"Budesonide/formoterol"
1342,"CX546"
1343,"Doxapram"
1344,"Ethamivan"
1345,"Nikethamide"
1346,"Pentylenetetrazol"
1347,"BW373U86"
1348,"Dimefline"
1349,"Mepixanox"
1350,"Zacopride"
1351,"Acitretin"
1352,"Alitretinoin"
1353,"Biotinylated_retinoids"
1354,"Etretinate"
1355,"Fenretinide"
1356,"Isotretinoin"
1357,"Retinol"
1358,"Retinoid"
1359,"Retinyl_palmitate"
1360,"Tazarotene"
1361,"Asenapine"
1362,"Selective_estrogen_receptor_modulator"
1363,"Selective_androgen_receptor_modulator"
1364,"Selective_progesterone_receptor_modulator"
1365,"Altanserin"
1366,"Setoperone"
1367,"Atorvastatin"
1368,"Caduet"
1369,"Cerivastatin"
1370,"Ezetimibe/simvastatin"
1371,"Fluvastatin"
1372,"Lovastatin"
1373,"Mevastatin"
1374,"Pitavastatin"
1375,"Pravastatin"
1376,"Rosuvastatin"
1377,"Scandinavian_Simvastatin_Survival_Study"
1378,"Simvastatin"
1379,"Statin"
1380,"Statin_development"
1381,"Cocaine"
1382,"Ibogaine"
1383,"TNF_inhibitor"
1384,"Adrenalone"
1385,"Parahydroxyamphetamine"
1386,"Sympathomimetic_drug"
1387,"Tetrahydrozoline"
1388,"Catecholamines"
1389,"Atosiban"
1390,"Indometacin"
1391,"Ritodrine"
1392,"Terbutaline"
1393,"Tocolytic"
1394,"Quinagolide"
1395,"Arteriolar_vasodilator"
1396,"Betahistine"
1397,"Diazoxide"
1398,"Endothelium-derived_hyperpolarizing_factor"
1399,"Heptaminol"
1400,"Histamine"
1401,"Isoxsuprine"
1402,"Minoxidil"
1403,"Naftidrofuryl"
1404,"Papaverine"
1405,"Sodium_nitroprusside"
1406,"Tezosentan"
1407,"Tolazoline"
1408,"Vinpocetine"
1409,"Benziodarone"
1410,"Buflomedil"
1411,"Carbocromen"
1412,"Cinepazet"
1413,"Cloridarol"
1414,"Dilazep"
1415,"Efloxate"
1416,"Etafenone"
1417,"Gapicomine"
1418,"Hexobendine"
1419,"Imolamine"
1420,"Itramin_tosilate"
1421,"Linsidomine"
1422,"Oxyfedrine"
1423,"Pimobendan"
1424,"Prenylamine"
1425,"Regadenoson"
1426,"Trapidil"
1427,"Molsidomine"
1428,"Vasodilation"
1429,"Anthrax_vaccine"
1430,"Anti-idiotypic"
1431,"BCG_Vaccine_Laboratory%2C_Guindy"
1432,"Bacillus_Calmette-Gu%C3%A9rin"
1433,"Caries_vaccine"
1434,"Cervarix"
1435,"Conjugate_vaccine"
1436,"DPT_vaccine"
1437,"Da2pp-c"
1438,"Dryvax"
1439,"FluMist"
1440,"Fluzone"
1441,"Gardasil"
1442,"HIV_vaccine"
1443,"HPV_vaccine"
1444,"Hepatitis_A_vaccine"
1445,"Hepatitis_B_vaccine"
1446,"Hib_vaccine"
1447,"Influenza_vaccine"
1448,"Jeryl_Lynn"
1449,"Live_vector_vaccine"
1450,"MMR_vaccine"
1451,"MMRV_vaccine"
1452,"MVA85A"
1453,"MeNZB"
1454,"Modified_vaccinia_Ankara"
1455,"Mumpsvax"
1456,"Mumps_vaccine"
1457,"NicVAX"
1458,"Pneumococcal_conjugate_vaccine"
1459,"Polio_vaccine"
1460,"Pneumococcal_polysaccharide_vaccine"
1461,"Smallpox_vaccine"
1462,"Subunit_HIV_vaccine"
1463,"Synthetic_vaccine"
1464,"TA-CD"
1465,"Timeline_of_vaccines"
1466,"Tovaxin"
1467,"Twinrix"
1468,"Varicella_vaccine"
1469,"Zostavax"
1470,"ACAM2000"
1471,"Clostridium_vaccine"
1472,"Dukoral"
1473,"HspE7"
1474,"Pandemrix"
1475,"Vi_capsular_polysaccharide_vaccine"
1476,"Tetrabenazine"
1477,"Amlodipine"
1478,"Amlodipine/valsartan"
1479,"Amlodipine/benazepril"
1480,"Bepridil"
1481,"Calcium_channel_blocker"
1482,"Diproteverine"
1483,"Dihydropyridine"
1484,"Diltiazem"
1485,"Felodipine"
1486,"Flunarizine"
1487,"Isradipine"
1488,"Lercanidipine"
1489,"Nicardipine"
1490,"Nilvadipine"
1491,"Nimodipine"
1492,"Nitrendipine"
1493,"Trandolapril/verapamil"
1494,"Aranidipine"
1495,"Azelnidipine"
1496,"Barnidipine"
1497,"Benidipine"
1498,"Cilnidipine"
1499,"Clevidipine"
1500,"Dotarizine"
1501,"Efonidipine"
1502,"Gallopamil"
1503,"Manidipine"
1504,"Mibefradil"
1505,"Naftopidil"
1506,"Acebutolol"
1507,"Atenolol"
1508,"Befunolol"
1509,"Betaxolol"
1510,"Bisoprolol"
1511,"Butaxamine"
1512,"Carteolol"
1513,"Carvedilol"
1514,"Co-tenidone"
1515,"Dichloroisoprenaline"
1516,"Esmolol"
1517,"Labetalol"
1518,"Levobunolol"
1519,"Levobetaxolol"
1520,"Metipranolol"
1521,"Metoprolol"
1522,"Nadolol"
1523,"Nebivolol"
1524,"Oxprenolol"
1525,"Penbutolol"
1526,"Practolol"
1527,"Tenoretic"
1528,"Timolol"
1529,"Alprenolol"
1530,"Amosulalol"
1531,"Bevantolol"
1532,"Bopindolol"
1533,"Butofilolol"
1534,"Celiprolol"
1535,"Cyanopindolol"
1536,"Iodocyanopindolol"
1537,"Pronethalol"
1538,"SR_59230A"
1539,"Tertatolol"
1540,"Tilisolol"
1541,"Arotinolol"
1542,"Aminophylline"
1543,"Bronchodilator"
1544,"Duoneb"
1545,"Epinephrine"
1546,"Fenoterol"
1547,"Ipratropium"
1548,"Ipratropium/salbutamol"
1549,"Levosalbutamol"
1550,"Marax"
1551,"Salbutamol"
1552,"Theophylline"
1553,"Tiotropium"
1554,"Etafedrine"
1555,"Fenspiride"
1556,"Pirbuterol"
1557,"Zileuton"
1558,"Montelukast"
1559,"Pranlukast"
1560,"Zafirlukast"
1561,"Ablukast"
1562,"Mast_cell_stabilizer"
1563,"Nedocromil"
1564,"Cromoglicic_acid"
1565,"Amitraz"
1566,"Antiparasitic"
1567,"Avermectin"
1568,"Carbadox"
1569,"Diethylcarbamazine"
1570,"Dimetridazole"
1571,"Diminazene"
1572,"Ivermectin"
1573,"Malathion"
1574,"Macrofilaricide"
1575,"Mitaban"
1576,"Organophosphate"
1577,"Oxamniquine"
1578,"Permethrin"
1579,"Praziquantel"
1580,"Pyrantel_pamoate"
1581,"Selamectin"
1582,"Sodium_stibogluconate"
1583,"Thiabendazole"
1584,"2-Oxazolidone"
1585,"A23187"
1586,"Acetasol"
1587,"Albert_Alexander"
1588,"Alliance_for_the_Prudent_Use_of_Antibiotics"
1589,"Allicin"
1590,"Aminocoumarin"
1591,"Antimycin_A"
1592,"Antibiotic_resistance"
1593,"Antimicrobial_pharmacodynamics"
1594,"Antibiotic"
1595,"Antibiotic_sensitivity"
1596,"Arsphenamine"
1597,"Ascofuranone"
1598,"Avenanthramide"
1599,"Bacteriostatic_agent"
1600,"Beauvericin"
1601,"Broad-spectrum_antibiotic"
1602,"Calicheamicin"
1603,"Cathelicidin"
1604,"Ceragenin"
1605,"Chloramphenicol"
1606,"Chromomycin_A3"
1607,"Clofoctol"
1608,"Clofazimine"
1609,"Cortisporin"
1610,"Cycloserine"
1611,"Cycloheximide"
1612,"Daptomycin"
1613,"Efflux_%28microbiology%29"
1614,"Ethionamide"
1615,"Ethambutol"
1616,"Florfenicol"
1617,"Fosfomycin"
1618,"Furazolidone"
1619,"Fusidic_acid"
1620,"Fusafungine"
1621,"Geldanamycin"
1622,"Glycyrrhizol"
1623,"Gramicidin_S"
1624,"Guanacastepene_A"
1625,"Herbimycin"
1626,"Hexamine"
1627,"Hitachimycin"
1628,"Isoniazid"
1629,"Leptomycin"
1630,"Linezolid"
1631,"Macrolide"
1632,"Monensin"
1633,"Mutacin_1140"
1634,"Neosalvarsan"
1635,"Neocarzinostatin"
1636,"Nifuroxazide"
1637,"Nigericin"
1638,"Nitrofurantoin"
1639,"Nitrofurazone"
1640,"Nonribosomal_peptide"
1641,"Novobiocin"
1642,"Phytoalexin"
1643,"Plectasin"
1644,"Pristinamycin"
1645,"Production_of_antibiotics"
1646,"Protionamide"
1647,"Pyocyanase"
1648,"Puromycin"
1649,"Resistome"
1650,"Rifater"
1651,"Ristocetin"
1652,"Roseophilin"
1653,"Spectinomycin"
1654,"Staurosporine"
1655,"Streptolydigin"
1656,"Surfactin"
1657,"Thioacetazone"
1658,"Thiamphenicol"
1659,"Thiolutin"
1660,"Tiocarlide"
1661,"TobraDex"
1662,"Topoisomerase_inhibitor"
1663,"Triclosan"
1664,"Trimethoprim"
1665,"Tunicamycin"
1666,"Tyrocidine"
1667,"Xibornol"
1668,"Xenobiotic"
1669,"4-Aminosalicylic_acid"
1670,"Bafilomycin"
1671,"Enviomycin"
1672,"Ramoplanin"
1673,"Telavancin"
1674,"Thiostrepton"
1675,"Zwittermicin_A"
1676,"Allistatin"
1677,"Archaeocin"
1678,"Blasticidin_S"
1679,"Lipopeptide"
1680,"List_of_antibiotics"
1681,"Seraticin"
1682,"Acrisorcin"
1683,"Amorolfine"
1684,"Amphotericin_B"
1685,"Anidulafungin"
1686,"Antifungal_drug"
1687,"Bifonazole"
1688,"Butenafine"
1689,"Butoconazole"
1690,"Caprylic_acid"
1691,"Caspofungin"
1692,"Cerulenin"
1693,"Chlormidazole"
1694,"Ciclopirox"
1695,"Cinnamon"
1696,"Clioquinol"
1697,"Echinocandin"
1698,"Econazole"
1699,"Flutrimazole"
1700,"Fluconazole"
1701,"Fosfluconazole"
1702,"Fungistat"
1703,"Garlic"
1704,"Gentian_violet"
1705,"Griseofulvin"
1706,"Haloprogin"
1707,"Itraconazole"
1708,"Ketoconazole"
1709,"Malachite_green"
1710,"Micafungin"
1711,"Miconazole"
1712,"Miltefosine"
1713,"Natamycin"
1714,"Nystatin"
1715,"Omoconazole"
1716,"Oxiconazole"
1717,"Pentamidine"
1718,"Polyene_antimycotic"
1719,"Posaconazole"
1720,"Selenium_sulfide"
1721,"Sertaconazole"
1722,"Sulconazole"
1723,"Tea_tree_oil"
1724,"Terbinafine"
1725,"Terconazole"
1726,"Thyme"
1727,"Thymol"
1728,"Tolnaftate"
1729,"Trimetrexate"
1730,"Undecylenic_acid"
1731,"Voriconazole"
1732,"Abafungin"
1733,"Abunidazole"
1734,"Chloroxylenol"
1735,"Cilofungin"
1736,"Clotrimazole"
1737,"Croconazole"
1738,"Echinocandin_B"
1739,"Isavuconazole"
1740,"Neticonazole"
1741,"Papulacandin_B"
1742,"Parietin"
1743,"Pramiconazole"
1744,"Cruentaren"
1745,"Aciclovir"
1746,"Adefovir"
1747,"Alferon_LDO"
1748,"Antiviral_drug"
1749,"Brivudine"
1750,"Cidofovir"
1751,"Condylox"
1752,"Docosanol"
1753,"Entecavir"
1754,"Famciclovir"
1755,"Fomivirsen"
1756,"Foscarnet"
1757,"Ganciclovir"
1758,"Idoxuridine"
1759,"Inosine"
1760,"Interferon_type_I"
1761,"Interferon"
1762,"Interferon-gamma"
1763,"Interferon_type_II"
1764,"Interferon_type_III"
1765,"List_of_antiviral_drugs"
1766,"Nucleoside_analogues"
1767,"Oragen"
1768,"Penciclovir"
1769,"Podophyllotoxin"
1770,"Pleconaril"
1771,"Protease_inhibitor_%28pharmacology%29"
1772,"Ribavirin"
1773,"Taribavirin"
1774,"Trifluridine"
1775,"Tromantadine"
1776,"Valaciclovir"
1777,"Vidarabine"
1778,"Fialuridine"
1779,"Telbivudine"
1780,"Methisazone"
1781,"Pegasys"
1782,"History_of_aspirin"
1783,"Mechanism_of_action_of_aspirin"
1784,"AM404"
1785,"URB597"
1786,"A_Hero_Ain%27t_Nothin%27_but_a_Sandwich"
1787,"Bali_Nine"
1788,"Bad_%28U2_song%29"
1789,"Black_Tar_Heroin_%28film%29"
1790,"Black_tar_heroin"
1791,"Chasing_the_dragon"
1792,"Cheese_%28recreational_drug%29"
1793,"Christiane_F."
1794,"Diary_of_a_Drug_Fiend"
1795,"Felix_Hoffmann"
1796,"Golden_Crescent"
1797,"Heroin"
1798,"Heroin_Girl"
1799,"Iwuchukwu_Amara_Tochi"
1800,"Junk_%28novel%29"
1801,"Monoacetylmorphine"
1802,"Polish_heroin"
1803,"Toxic_leukoencephalopathy"
1804,"Trainspotting_%28film%29"
1805,"Van_Tuong_Nguyen"
1806,"Advil"
1807,"Amtolmetin_guacil"
1808,"Arthrotec"
1809,"Bendazac"
1810,"Benzydamine"
1811,"COX-2_inhibitor"
1812,"Carprofen"
1813,"Clofezone"
1814,"Diclofenac"
1815,"Diflunisal"
1816,"Droxicam"
1817,"Ethenzamide"
1818,"Etofenamate"
1819,"Etodolac"
1820,"Feprazone"
1821,"Fenbufen"
1822,"Felbinac"
1823,"Flunixin"
1824,"Flurbiprofen"
1825,"Fluproquazone"
1826,"Ibuprofen"
1827,"Indoprofen"
1828,"Ketorolac"
1829,"Lornoxicam"
1830,"Loxoprofen"
1831,"Mefenamic_acid"
1832,"Meloxicam"
1833,"Miroprofen"
1834,"Naproxen"
1835,"Nepafenac"
1836,"Oxicam"
1837,"Oxyphenbutazone"
1838,"Oxaprozin"
1839,"Phenylbutazone"
1840,"Piroxicam"
1841,"Proglumetacin"
1842,"Sulindac"
1843,"Suprofen"
1844,"Tarenflurbil"
1845,"Tenoxicam"
1846,"Tepoxalin"
1847,"Tiaprofenic_acid"
1848,"Tolmetin"
1849,"Zomepirac"
1850,"Ampiroxicam"
1851,"Bromfenac"
1852,"Epirizole"
1853,"Indometacin_farnesil"
1854,"Salsalate"
1855,"COX-inhibiting_nitric_oxide_donator"
1856,"Rufen"
1857,"3-Allylfentanyl"
1858,"3-Methylfentanyl"
1859,"3-Methylthiofentanyl"
1860,"6-Methylenedihydrodesoxymorphine"
1861,"7-PET"
1862,"Acetorphine"
1863,"Acetoxyketobemidone"
1864,"Acetylmorphone"
1865,"Allylprodine"
1866,"Alphamethylacetylfentanyl"
1867,"Alphamethylfentanyl"
1868,"Alvimopan"
1869,"Alphamethylthiofentanyl"
1870,"Anileridine"
1871,"Benzethidine"
1872,"Benzylmorphine"
1873,"Betahydroxythiofentanyl"
1874,"Betahydroxyfentanyl"
1875,"Betamethylfentanyl"
1876,"Brifentanil"
1877,"Carfentanil"
1878,"Carperidine"
1879,"Casomorphin"
1880,"Ciramadol"
1881,"Clonitazene"
1882,"Cold_water_extraction"
1883,"Co-codaprin"
1884,"Codeinone"
1885,"Cyclazocine"
1886,"Cyprenorphine"
1887,"Dermorphin"
1888,"Dextromoramide"
1889,"Dezocine"
1890,"Diacetyldihydromorphine"
1891,"Dextrorphan"
1892,"Diampromide"
1893,"Diethylthiambutene"
1894,"Dihydroetorphine"
1895,"Dimenoxadol"
1896,"Difenoxin"
1897,"Dimethylthiambutene"
1898,"Dioxaphetyl_Butyrate"
1899,"Diphenoxylate"
1900,"Dihydromorphine"
1901,"Dipipanone"
1902,"Dipropanoylmorphine"
1903,"Duragesic"
1904,"Ethylmorphine"
1905,"Etoxeridine"
1906,"Etonitazene"
1907,"Etorphine"
1908,"Ethoheptazine"
1909,"Ethylmethylthiambutene"
1910,"Faxeladol"
1911,"Furethidine"
1912,"Gliadorphin"
1913,"Gluten_exorphin"
1914,"Heterocodeine"
1915,"Herkinorin"
1916,"Homebake_%28slang%29"
1917,"Hydroxypethidine"
1918,"Kendal_Black_Drop"
1919,"Ketobemidone"
1920,"Ketazocine"
1921,"Laudanum"
1922,"Lefetamine"
1923,"Levomethadyl_acetate"
1924,"Levorphanol"
1925,"Leu-enkephalin"
1926,"Levomethorphan"
1927,"Lofentanil"
1928,"Loperamide"
1929,"Loperamide/simethicone"
1930,"MPTP"
1931,"Malcolm_Delevingne"
1932,"MPPP"
1933,"Meptazinol"
1934,"Meprodine"
1935,"Metazocine"
1936,"Methopholine"
1937,"Methylnaltrexone"
1938,"Metopon"
1939,"Metheptazine"
1940,"Metethoheptazine"
1941,"Methylketobemidone"
1942,"Mitragynine"
1943,"Morphinan"
1944,"Morphine-3-glucuronide"
1945,"Morphinone"
1946,"Morpheridine"
1947,"Morphine-6-glucuronide"
1948,"Nalbuphine"
1949,"Nalfurafine"
1950,"Nar-Anon"
1951,"Naltrexone"
1952,"Naltrindole"
1953,"Narcotic"
1954,"Nicodicodeine"
1955,"Nicomorphine"
1956,"Nicocodeine"
1957,"Nociceptin_receptor"
1958,"Norbuprenorphine"
1959,"Norpethidine"
1960,"O-Desmethyltramadol"
1961,"Opium_lamp"
1962,"Opium_replacement"
1963,"Opium"
1964,"Opium_den"
1965,"Opium_production_in_Afghanistan"
1966,"Opioid"
1967,"Opium_pipe"
1968,"Oripavine"
1969,"Oxpheneridine"
1970,"Oxycodone"
1971,"Oxydose"
1972,"Oxymorphone"
1973,"PEPAP"
1974,"Paregoric"
1975,"Papaveretum"
1976,"Pantopon"
1977,"Parafluorofentanyl"
1978,"Pentazocine"
1979,"Pethidinic_Acid"
1980,"Pheneridine"
1981,"Pethidine_Intermediate_A"
1982,"Phenampromide"
1983,"Phenazocine"
1984,"Pethidine"
1985,"Phenaridine"
1986,"Phenomorphan"
1987,"Picenadol"
1988,"Piritramide"
1989,"Piminodine"
1990,"Poppy_tea"
1991,"Prodine"
1992,"Propiram"
1993,"Protocol_for_Limiting_and_Regulating_the_Cultivation_of_the_Poppy_Plant%2C_the_Production_of%2C_International_and_Wholesale_Trade_in%2C_and_Use_of_Opium"
1994,"Prodynorphin"
1995,"Proheptazine"
1996,"Propylketobemidone"
1997,"Prosidol"
1998,"Remifentanil"
1999,"Rubiscolin"
2000,"SNC-80"
2001,"Salvinorin_A"
2002,"Sameridine"
2003,"Semorphone"
2004,"Sigma_receptor"
2005,"TRIMU_5"
2006,"Tapentadol"
2007,"The_Walid-Robinson_Opioid-Dependence_%28WROD%29_Questionnaire"
2008,"Thebaine"
2009,"Thiofentanyl"
2010,"Tilidine"
2011,"Trefentanil"
2012,"Trimeperidine"
2013,"1-%284-Nitrophenylethyl%29piperidylidene-2-%284-chlorophenyl%29sulfonamide"
2014,"14-Ethoxymetopon"
2015,"14-Phenylpropoxymetopon"
2016,"14-Methoxymetopon"
2017,"2%2C4-Dinitrophenylmorphine"
2018,"4-%28p-Bromophenyl%29-4-%28dimethylamino%29-1-phenethylcyclohexanol"
2019,"5%27-Guanidinonaltrindole"
2020,"7-Spiroindanyloxymorphone"
2021,"Akuammine"
2022,"Allylnorpethidine"
2023,"Azaprocin"
2024,"Azidomorphine"
2025,"BU-48"
2026,"C-8813"
2027,"Chloromorphide"
2028,"Cyprodime"
2029,"DPI-221"
2030,"DPI-287"
2031,"DPI-3290"
2032,"DAMGO"
2033,"Desomorphine"
2034,"Dimepheptanol"
2035,"Eseroline"
2036,"Hodgkinsine"
2037,"Hydromorphinol"
2038,"IC-26"
2039,"JTC-801"
2040,"Kratom_extraction"
2041,"Levallorphan"
2042,"Levomoramide"
2043,"Levophenacylmorphan"
2044,"Myrophine"
2045,"N-Phenethyl-14-ethoxymetopon"
2046,"NNC_63-0532"
2047,"Naltriben"
2048,"Normorphine"
2049,"Norbinaltorphimine"
2050,"Norcodeine"
2051,"Ocfentanil"
2052,"Oxymorphazone"
2053,"Pericine"
2054,"Piperidylthiambutene"
2055,"Prodilidine"
2056,"R-4066"
2057,"RWJ-394%2C674"
2058,"Pyrrolidinylthiambutene"
2059,"SC-17599"
2060,"Salutaridine"
2061,"TAN-67"
2062,"Thiambutene"
2063,"Viminol"
2064,"Xorphanol"
2065,"Bitter_lemon"
2066,"Charles_Ledger"
2067,"Cinchonism"
2068,"Gin_and_tonic"
2069,"Hugh_Algernon_Weddell"
2070,"Jesuit%27s_bark"
2071,"Quinine"
2072,"Tonic_water"
2073,"John_Eliot_Howard"
2074,"Q_Tonic"
2075,"Allyl_isothiocyanate"
2076,"Americaine"
2077,"Benzocaine"
2078,"Bupivacaine"
2079,"Chloroprocaine"
2080,"Cinchocaine"
2081,"Crack_cocaine"
2082,"Etidocaine"
2083,"Hexylcaine"
2084,"Levobupivacaine"
2085,"Lidocaine/prilocaine"
2086,"Local_anesthetic"
2087,"Local_anesthetic_toxicity"
2088,"Mebucain"
2089,"Mepivacaine"
2090,"Oxetacaine"
2091,"Oxybuprocaine"
2092,"Pramocaine"
2093,"Prilocaine"
2094,"Procaine"
2095,"Quinisocaine"
2096,"Ropivacaine"
2097,"Tetracaine"
2098,"Topical_anesthetic"
2099,"3-%28p-Fluorobenzoyl%29tropane"
2100,"Dimethocaine"
2101,"Piperocaine"
2102,"List_of_cocaine_analogues"
2103,"Acarbose"
2104,"Alpha-glucosidase_inhibitor"
2105,"Miglitol"
2106,"Voglibose"
2107,"Dipeptidyl_peptidase-4_inhibitors"
2108,"Saxagliptin"
2109,"Linagliptin"
2110,"Alogliptin"
2111,"Artificial_pancreas"
2112,"Chronic_Somogyi_rebound"
2113,"Conventional_insulinotherapy"
2114,"Diabetes_control_and_complications_trial"
2115,"Hyperinsulinemic_hypoglycemia"
2116,"Inhalable_insulin"
2117,"Infusion_set"
2118,"Insulin_pen"
2119,"Insulin_shock_therapy"
2120,"Insulin_analog"
2121,"Insulin_pump"
2122,"Intensive_insulinotherapy"
2123,"NPH_insulin"
2124,"Pulsatile_insulin"
2125,"Untethered_regimen"
2126,"Dawn_effect"
2127,"Meglitinide"
2128,"Mitiglinide"
2129,"Nateglinide"
2130,"Repaglinide"
2131,"Acetohexamide"
2132,"Chlorpropamide"
2133,"Gliclazide"
2134,"Glipizide"
2135,"Glimepiride"
2136,"Gliquidone"
2137,"Glibenclamide"
2138,"Sulfonylurea"
2139,"Tolazamide"
2140,"Tolbutamide"
2141,"Torasemide"
2142,"Carbutamide"
2143,"Glyclopyramide"
2144,"Ciglitazone"
2145,"Pioglitazone"
2146,"Rosiglitazone"
2147,"Thiazolidinedione"
2148,"Troglitazone"
2149,"Rivoglitazone"
2150,"Alclometasone"
2151,"Beclometasone_dipropionate"
2152,"Budesonide"
2153,"Ciclesonide"
2154,"Cortivazol"
2155,"Dexamethasone"
2156,"Fluocinonide"
2157,"Fluocortolone"
2158,"Fluorometholone"
2159,"Fluticasone"
2160,"Flunisolide"
2161,"Glucocorticoid"
2162,"Meprednisone"
2163,"Mometasone_furoate"
2164,"Otobiotic"
2165,"Paramethasone"
2166,"Prednylidene"
2167,"Prednisolone"
2168,"Rimexolone"
2169,"Triamcinolone"
2170,"Ulobetasol"
2171,"Acetyldigitoxin"
2172,"Acetyldigoxin"
2173,"Bufanolide"
2174,"Cardenolide"
2175,"Cardiac_glycoside"
2176,"Daigremontianin"
2177,"Lanatoside_C"
2178,"Ouabain"
2179,"Peruvoside"
2180,"Proscillaridin"
2181,"Oleandrin"
2182,"Atropa_belladonna"
2183,"Brugmansia"
2184,"Datura"
2185,"Datura_stramonium"
2186,"Datura_inoxia"
2187,"Datura_wrightii"
2188,"Dimenhydrinate"
2189,"Scopolamine"
2190,"Alpha-Bungarotoxin"
2191,"Tobacco"
2192,"Darifenacin"
2193,"Dexetimide"
2194,"Dicycloverine"
2195,"Emepronium"
2196,"Fesoterodine"
2197,"Glycopyrrolate"
2198,"Homatropine"
2199,"Hyoscyamine"
2200,"Muscarinic_antagonist"
2201,"Oxybutynin"
2202,"Pirenzepine"
2203,"Propiomazine"
2204,"Propantheline_bromide"
2205,"Solifenacin"
2206,"Symax"
2207,"Tolterodine"
2208,"Trihexyphenidyl"
2209,"Imidafenacin"
2210,"Octatropine_methylbromide"
2211,"Vedaclidine"
2212,"Barbiturate"
2213,"Barbital"
2214,"Blue_88"
2215,"Brallobarbital"
2216,"Butalbital"
2217,"Butabarbital"
2218,"Butobarbital"
2219,"Corvalol"
2220,"Crotylbarbital"
2221,"Cyclobarbital"
2222,"Ethallobarbital"
2223,"Heptabarbital"
2224,"Primidone"
2225,"Probarbital"
2226,"Proxibarbital"
2227,"Propallylonal"
2228,"Reposal"
2229,"Talbutal"
2230,"Thiobarbital"
2231,"Tuinal"
2232,"Valofane"
2233,"Vinylbital"
2234,"Vinbarbital"
2235,"Nealbarbital"
2236,"Prazitone"
2237,"Sigmodal"
2238,"Spirobarbital"
2239,"Adinazolam"
2240,"Alprazolam"
2241,"Arfendazam"
2242,"Avizafone"
2243,"Bretazenil"
2244,"Bromazepam"
2245,"Brotizolam"
2246,"Camazepam"
2247,"Chlordiazepoxide"
2248,"Cinolazepam"
2249,"Clorazepate"
2250,"Cloxazolam"
2251,"Clotiazepam"
2252,"Clozapine"
2253,"Clobazam"
2254,"Clonazepam"
2255,"Cyprazepam"
2256,"Delorazepam"
2257,"Diazepam"
2258,"Doxefazepam"
2259,"Elfazepam"
2260,"Estazolam"
2261,"Ethyl_loflazepate"
2262,"Etizolam"
2263,"Fletazepam"
2264,"Flutoprazepam"
2265,"Flutazolam"
2266,"Fosazepam"
2267,"GYKI-52895"
2268,"Girisopam"
2269,"Haloxazolam"
2270,"Iclazepam"
2271,"Imidazenil"
2272,"Ketazolam"
2273,"List_of_benzodiazepines"
2274,"Lofendazam"
2275,"Meclonazepam"
2276,"Menitrazepam"
2277,"Metaclazepam"
2278,"Mexazolam"
2279,"Nerisopam"
2280,"Nordazepam"
2281,"Pivoxazepam"
2282,"QH-II-66"
2283,"Reclazepam"
2284,"Rilmazafone"
2285,"Sulazepam"
2286,"Tetrazepam"
2287,"Tifluadom"
2288,"Tofisopam"
2289,"Triflubazam"
2290,"Uldazepam"
2291,"Zapizolam"
2292,"Zolazepam"
2293,"L-655%2C708"
2294,"Razobazam"
2295,"Ro48-6791"
2296,"Carboxamide"
2297,"Deramciclane"
2298,"Nalorphine"
2299,"Naloxazone"
2300,"Aminocaproic_acid"
2301,"Antifibrinolytic"
2302,"Aprotinin"
2303,"Tranexamic_acid"
2304,"Acrivastine"
2305,"Antazoline"
2306,"Bromazine"
2307,"Carbinoxamine"
2308,"Cetirizine"
2309,"Chlorphenoxamine"
2310,"Desloratadine"
2311,"Deptropine"
2312,"Dimetindene"
2313,"Diphenylpyraline"
2314,"Histapyrrodine"
2315,"Hydroxyethylpromethazine"
2316,"Hydroxyzine/reference_table"
2317,"Isothipendyl"
2318,"Levocetirizine"
2319,"Loratadine"
2320,"Oxatomide"
2321,"Promethazine"
2322,"Rupatadine"
2323,"Thenalidine"
2324,"Thonzylamine"
2325,"Tolpropamine"
2326,"Tripelennamine"
2327,"Dimebolin"
2328,"Repirinast"
2329,"Burimamide"
2330,"Cimetidine"
2331,"Famotidine"
2332,"Metiamide"
2333,"Nizatidine"
2334,"Ranitidine"
2335,"Roxatidine"
2336,"Lafutidine"
2337,"ABT-239"
2338,"Ciproxifan"
2339,"Clobenpropit"
2340,"Thioperamide"
2341,"A-349%2C821"
2342,"GSK-189%2C254"
2343,"Alfuzosin"
2344,"Alpha_blocker"
2345,"Dapiprazole"
2346,"Doxazosin"
2347,"Indoramin"
2348,"Phenoxybenzamine"
2349,"Prazosin"
2350,"Silodosin"
2351,"Tamsulosin"
2352,"Terazosin"
2353,"Yohimbine"
2354,"Abanoquil"
2355,"Bunazosin"
2356,"Idazoxan"
2357,"Alpha-1_blocker"
2358,"Alpha-2_blocker"
2359,"ACE_inhibitors_drug_design"
2360,"Benazepril"
2361,"Captopril"
2362,"Cilazapril"
2363,"Enalapril"
2364,"Fosinopril"
2365,"Lisinopril"
2366,"Omapatrilat"
2367,"Perindopril"
2368,"Quinapril"
2369,"Ramipril"
2370,"Rescinnamine"
2371,"Spirapril"
2372,"Trandolapril"
2373,"Alacepril"
2374,"Delapril"
2375,"Imidapril"
2376,"Moexipril"
2377,"Temocapril"
2378,"Zofenopril"
2379,"Angiotensin_II_receptor_antagonist"
2380,"Eprosartan"
2381,"Losartan"
2382,"Olmesartan"
2383,"Telmisartan"
2384,"Valsartan"
2385,"Abitesartan"
2386,"Azilsartan"
2387,"Aquaretics"
2388,"Cicletanine"
2389,"Clopamide"
2390,"Diuretic"
2391,"Indapamide"
2392,"Mercurial_diuretic"
2393,"Mersalyl_acid"
2394,"Pamabrom"
2395,"Tienilic_acid"
2396,"Clorexolone"
2397,"Clofenamide"
2398,"Cyclopenthiazide"
2399,"Cyclothiazide"
2400,"Hydroflumethiazide"
2401,"Meticrane"
2402,"Methyclothiazide"
2403,"Mebutizide"
2404,"Mefruside"
2405,"Piretanide"
2406,"Rolofylline"
2407,"Trichlormethiazide"
2408,"Tripamide"
2409,"Xipamide"
2410,"Remikiren"
2411,"Renin_inhibitor"
2412,"Almotriptan"
2413,"Eletriptan"
2414,"Frovatriptan"
2415,"Naratriptan"
2416,"Rizatriptan"
2417,"Sumatriptan"
2418,"Triptan"
2419,"Zolmitriptan"
2420,"Aminorex"
2421,"Anorectic"
2422,"Benzphetamine"
2423,"Chlorphentermine"
2424,"Clobenzorex"
2425,"Diethylcathinone"
2426,"Fen-phen"
2427,"Fenfluramine"
2428,"Fencamfamine"
2429,"Khat"
2430,"P57_%28glycoside%29"
2431,"Oxyntomodulin"
2432,"Phentermine"
2433,"Phendimetrazine"
2434,"Phenmetrazine"
2435,"Rimonabant"
2436,"Sibutramine"
2437,"Taranabant"
2438,"Entacapone"
2439,"Tolcapone"
2440,"Flopropione"
2441,"Bromocriptine"
2442,"Cabergoline"
2443,"Dihydroergocryptine"
2444,"Dihydrexidine"
2445,"Dopamine_agonist"
2446,"Lisuride"
2447,"Mesulergine"
2448,"Pergolide"
2449,"Piribedil"
2450,"Pramipexole"
2451,"Rotigotine"
2452,"Ropinirole"
2453,"A-412%2C997"
2454,"Aplindore"
2455,"Stepholidine"
2456,"Talipexole"
2457,"Terguride"
2458,"Prasugrel"
2459,"Ticlopidine"
2460,"Ticagrelor"
2461,"Amisulpride"
2462,"Aripiprazole"
2463,"Atypical_antipsychotic"
2464,"DHA-clozapine"
2465,"Eglonyl"
2466,"Iloperidone"
2467,"Melperone"
2468,"Olanzapine"
2469,"Paliperidone"
2470,"Quetiapine"
2471,"Remoxipride"
2472,"Risperidone"
2473,"Sertindole"
2474,"Sulpiride"
2475,"Ziprasidone"
2476,"Zotepine"
2477,"Lurasidone"
2478,"Mosapramine"
2479,"Perospirone"
2480,"Fluspirilene"
2481,"Pimozide"
2482,"Acepromazine"
2483,"Chlorpromazine"
2484,"Fluphenazine"
2485,"Mequitazine"
2486,"Mesoridazine"
2487,"Metopimazine"
2488,"Oxomemazine"
2489,"Perphenazine"
2490,"Phenothiazine"
2491,"Pipazetate"
2492,"Prochlorperazine"
2493,"Profenamine"
2494,"Promazine"
2495,"Sulforidazine"
2496,"Thiothixene"
2497,"Thiethylperazine"
2498,"Tolonium_chloride"
2499,"Trifluoperazine"
2500,"Triflupromazine"
2501,"Dimetotiazine"
2502,"Fenoverine"
2503,"Perazine"
2504,"Periciazine"
2505,"Azaperone"
2506,"Chlorprothixene"
2507,"Droperidol"
2508,"Flupentixol"
2509,"Haloperidol"
2510,"Loxapine"
2511,"Molindone"
2512,"Pipamperone"
2513,"Raclopride"
2514,"Trifluperidol"
2515,"Typical_antipsychotic"
2516,"Zuclopenthixol"
2517,"Clopenthixol"
2518,"Tardive_dyskinesia"
2519,"Breakthrough_bleeding"
2520,"Combined_oral_contraceptive_pill"
2521,"Contraceptive_patch"
2522,"Desogestrel"
2523,"Depo-Provera"
2524,"Diosgenin"
2525,"Emergency_contraceptive_availability_by_country"
2526,"Estrostep"
2527,"Ethinylestradiol"
2528,"Extended_cycle_combined_oral_contraceptive_pill"
2529,"Hormonal_contraception"
2530,"Implanon"
2531,"IntraUterine_System"
2532,"Levonorgestrel"
2533,"Mestranol"
2534,"Nelson_Pill_Hearings"
2535,"Norethynodrel"
2536,"Norethindrone_acetate"
2537,"NuvaRing"
2538,"Norplant"
2539,"Oral_contraceptive_formulations"
2540,"Progestogen_only_pill"
2541,"Trestolone"
2542,"Vaginal_ring"
2543,"Yuzpe_regimen"
2544,"Combined_injectable_contraceptive"
2545,"Progestagen_only_contraception"
2546,"Aminoglutethimide"
2547,"Anastrozole"
2548,"Atamestane"
2549,"Exemestane"
2550,"Formestane"
2551,"Letrozole"
2552,"Vorozole"
2553,"Fadrozole"
2554,"ABT-510"
2555,"Anecortave"
2556,"Angiogenesis_inhibitor"
2557,"Angiostatin"
2558,"Endostatin"
2559,"Vandetanib"
2560,"Cartilage-derived_angiogenesis_inhibitor"
2561,"Vitaxin"
2562,"Amrubicin"
2563,"Annamycin"
2564,"Anthracycline"
2565,"Daunorubicin"
2566,"Doxorubicin"
2567,"Epirubicin"
2568,"Idarubicin"
2569,"Valrubicin"
2570,"Aclarubicin"
2571,"Pirarubicin"
2572,"Zorubicin"
2573,"Amifostine"
2574,"Asparaginase"
2575,"Dexrazoxane"
2576,"Folinic_acid"
2577,"Mesna"
2578,"Rasburicase"
2579,"Afrin_%28nasal_spray%29"
2580,"Oxymetazoline"
2581,"Topical_decongestant"
2582,"Xylometazoline"
2583,"4-Aminobenzoic_acid"
2584,"Cerium%28IV%29_oxide"
2585,"Cinoxate"
2586,"Dibenzylideneacetone"
2587,"Dioxybenzone"
2588,"Homosalate"
2589,"Octocrylene"
2590,"Octyl_methoxycinnamate"
2591,"Octyl_salicylate"
2592,"Oxybenzone"
2593,"Padimate_A"
2594,"Padimate_O"
2595,"Phenylbenzimidazole_sulfonic_acid"
2596,"Titanium_dioxide"
2597,"Trolamine_salicylate"
2598,"Umbelliferone"
2599,"Zinc_oxide"
2600,"Aesculetin"
2601,"Sulisobenzone"
2602,"5-alpha-reductase_inhibitor"
2603,"Dutasteride"
2604,"FCE_28260"
2605,"Finasteride"
2606,"Beta-lactamase_inhibitor"
2607,"Clavulanic_acid"
2608,"Sulbactam"
2609,"Tazobactam"
2610,"Celecoxib"
2611,"Deracoxib"
2612,"Etoricoxib"
2613,"Lumiracoxib"
2614,"Parecoxib"
2615,"Firocoxib"
2616,"Brinzolamide"
2617,"Carbonic_anhydrase_inhibitors"
2618,"Diclofenamide"
2619,"Dorzolamide"
2620,"Furosemide"
2621,"Mafenide"
2622,"Methazolamide"
2623,"Brodimoprim"
2624,"Pralatrexate"
2625,"Proguanil"
2626,"Pyrimethamine"
2627,"Iclaprim"
2628,"Tetroxoprim"
2629,"Racecadotril"
2630,"Neuraminidase_inhibitor"
2631,"Oseltamivir"
2632,"Oseltamivir_total_synthesis"
2633,"Peramivir"
2634,"Zanamivir"
2635,"Banisteriopsis_caapi"
2636,"Clorgiline"
2637,"Emsam"
2638,"Foods_containing_tyramine"
2639,"Harmala_alkaloid"
2640,"Harmal"
2641,"Iproclozide"
2642,"Iproniazid"
2643,"Isocarboxazid"
2644,"Monoamine_oxidase_inhibitor"
2645,"Nialamide"
2646,"Pargyline"
2647,"Phenelzine"
2648,"Reversible_inhibitor_of_monoamine_oxidase_A"
2649,"Toloxatone"
2650,"Tranylcypromine"
2651,"Tyramine"
2652,"Yerba_mat%C3%A9"
2653,"Desmethoxyyangonin"
2654,"Geiparvarin"
2655,"Safinamide"
2656,"Lazabemide"
2657,"Amrinone"
2658,"Avanafil"
2659,"Bucladesine"
2660,"EHNA"
2661,"Enoximone"
2662,"HT-0712"
2663,"Ibudilast"
2664,"Mesembrine"
2665,"Mesembrine_%28data_page%29"
2666,"Milrinone"
2667,"Phosphodiesterase_inhibitor"
2668,"Rolipram"
2669,"Udenafil"
2670,"Acetildenafil"
2671,"Cilomilast"
2672,"Etazolate"
2673,"Icariin"
2674,"PF-2545920"
2675,"RPL-554"
2676,"Roflumilast"
2677,"Amprenavir"
2678,"Atazanavir"
2679,"Darunavir"
2680,"Fosamprenavir"
2681,"Indinavir"
2682,"Leupeptin"
2683,"Lopinavir"
2684,"Nelfinavir"
2685,"Protease_inhibitor_%28biology%29"
2686,"Ritonavir"
2687,"Saquinavir"
2688,"Secretory_leukocyte_protease_inhibitor"
2689,"Tipranavir"
2690,"Ulinastatin"
2691,"Brecanavir"
2692,"Potato_carboxypeptidase_inhibitor"
2693,"Telaprevir"
2694,"Boceprevir"
2695,"Metalloprotease_inhibitor"
2696,"Cediranib"
2697,"Erlotinib"
2698,"Gefitinib"
2699,"Imatinib"
2700,"Semaxanib"
2701,"Sunitinib"
2702,"Axitinib"
2703,"Bosutinib"
2704,"Lestaurtinib"
2705,"CGMP_specific_phosphodiesterase_type_5"
2706,"PDE5_inhibitor"
2707,"Sildenafil"
2708,"Tadalafil"
2709,"Vardenafil"
2710,"Antidiarrhoeal"
2711,"Kaopectate"
2712,"Lomotil"
2713,"Motofen"
2714,"Palygorskite"
2715,"Pepto-Bismol"
2716,"Albumin_tannate"
2717,"5-HT3_antagonist"
2718,"Alizapride"
2719,"Antiemetic"
2720,"Aprepitant"
2721,"Bendectin"
2722,"Bromopride"
2723,"Clebopride"
2724,"Dolasetron"
2725,"Domperidone"
2726,"Emetrol"
2727,"Granisetron"
2728,"Meclizine"
2729,"Medical_cannabis"
2730,"Metoclopramide"
2731,"Ondansetron"
2732,"Trimethobenzamide"
2733,"Tropisetron"
2734,"Azasetron"
2735,"Casopitant"
2736,"Ramosetron"
2737,"Fosaprepitant"
2738,"Ajwain"
2739,"Antiflatulent"
2740,"Asafoetida"
2741,"Beano_%28dietary_supplement%29"
2742,"Dysphania_ambrosioides"
2743,"Lactase"
2744,"Simethicone"
2745,"Algarot"
2746,"Antimonial"
2747,"Antimonial_cup"
2748,"Glass_of_antimony"
2749,"Syrup_of_ipecac"
2750,"Aloe"
2751,"Beecham%27s_Pills"
2752,"Bisacodyl"
2753,"Buckthorn"
2754,"Castor_oil"
2755,"Cholagogue"
2756,"Dantron"
2757,"Docusate"
2758,"Dry_enema"
2759,"Enema"
2760,"Fletcher%27s_Laxative"
2761,"Glycerol"
2762,"Lactulose"
2763,"Laxative"
2764,"Magnesium_citrate"
2765,"Magnesium_sulfate"
2766,"Metamucil"
2767,"Methylcellulose"
2768,"Mineral_oil"
2769,"Milk_of_Magnesia"
2770,"Phospho_soda"
2771,"Plantago"
2772,"Pluto_Water"
2773,"Polyethylene_glycol"
2774,"Polycarbophil"
2775,"Serutan"
2776,"Sodium_picosulfate"
2777,"Suppository"
2778,"Trisodium_phosphate"
2779,"Murphy_drip"
2780,"Cisapride"
2781,"Mebeverine"
2782,"Mosapride"
2783,"Prokinetic"
2784,"Tegaserod"
2785,"Esomeprazole"
2786,"Lansoprazole"
2787,"Omeprazole"
2788,"Proton_pump_inhibitor"
2789,"Rabeprazole"
2790,"Tenatoprazole"
2791,"Abiraterone"
2792,"Bicalutamide"
2793,"Cyproterone"
2794,"Flutamide"
2795,"Mifepristone"
2796,"Spironolactone"
2797,"Dienogest"
2798,"Metyrapone"
2799,"Buserelin"
2800,"Goserelin"
2801,"Histrelin"
2802,"Leuprolide"
2803,"Nafarelin"
2804,"Triptorelin"
2805,"Abarelix"
2806,"Cetrorelix"
2807,"Ganirelix"
2808,"Aldosterone"
2809,"Desoxycorticosterone"
2810,"Fludrocortisone"
2811,"Mineralocorticoid"
2812,"Androgen"
2813,"Estrogen"
2814,"Free_androgen_index"
2815,"Progestagen"
2816,"Sex_steroid"
2817,"Bazedoxifene"
2818,"Clomifene"
2819,"Lasofoxifene"
2820,"Levormeloxifene"
2821,"Raloxifene"
2822,"Tamoxifen"
2823,"Toremifene"
2824,"Afimoxifene"
2825,"Arzoxifene"
2826,"Femarelle_%28DT56a%29"
2827,"Phytoserm"
2828,"Aluminium_clofibrate"
2829,"Bezafibrate"
2830,"Ciprofibrate"
2831,"Clofibrate"
2832,"Clofibride"
2833,"Etofibrate"
2834,"Fibrate"
2835,"Fenofibrate"
2836,"Gemfibrozil"
2837,"Ronifibrate"
2838,"Simfibrate"
2839,"Clinofibrate"
2840,"Acetylcholinesterase_inhibitor"
2841,"Ambenonium_chloride"
2842,"Cyclosarin"
2843,"Dimethoate"
2844,"Diisopropyl_fluorophosphate"
2845,"Dioxathion"
2846,"Distigmine"
2847,"Edrophonium"
2848,"GV_%28nerve_agent%29"
2849,"Huperzine_A"
2850,"Neostigmine"
2851,"Nerve_agent"
2852,"Novichok_agent"
2853,"Paraoxon"
2854,"Pyridostigmine"
2855,"Sarin"
2856,"Soman"
2857,"Tabun_%28nerve_agent%29"
2858,"VG_%28nerve_agent%29"
2859,"VX_%28nerve_agent%29"
2860,"VE_%28nerve_agent%29"
2861,"VM_%28nerve_agent%29"
2862,"Diisopropylphosphate"
2863,"Ecothiopate_iodide"
2864,"Miotine"
2865,"Onchidal"
2866,"VR_%28nerve_agent%29"
2867,"Acetylcholine"
2868,"Bethanechol"
2869,"Carbachol"
2870,"Methacholine"
2871,"Anabasine"
2872,"Arecoline"
2873,"Cotinine"
2874,"Cytisine"
2875,"Lobeline"
2876,"Nicotine"
2877,"Varenicline"
2878,"ABT-089"
2879,"ABT-418"
2880,"Dianicline"
2881,"Dimethylphenylpiperazinium"
2882,"Ispronicline"
2883,"Rivanicline"
2884,"Aceclidine"
2885,"Cevimeline"
2886,"Muscarine"
2887,"Muscarinic_agonist"
2888,"Xanomeline"
2889,"Isobutyl_nitrite"
2890,"Agomelatine"
2891,"Antidepressant"
2892,"Bupropion"
2893,"Clitoria"
2894,"Cymbopogon_citratus"
2895,"Eleutherococcus_senticosus"
2896,"Fluacizine"
2897,"Flibanserin"
2898,"Frankincense"
2899,"Harmaline"
2900,"Honokiol"
2901,"Hyperforin"
2902,"Kaempferol"
2903,"Minitran"
2904,"Mucuna_pruriens"
2905,"Noradrenergic_and_specific_serotonergic_antidepressant"
2906,"Norepinephrine_reuptake_inhibitor"
2907,"Pirolazamide"
2908,"Radafaxine"
2909,"Rhodiola_rosea"
2910,"Safranal"
2911,"Saredutant"
2912,"Schinus_molle"
2913,"Second-generation_antidepressants"
2914,"Setiptiline"
2915,"Trazodone"
2916,"Vitamin_C"
2917,"Minaprine"
2918,"Alcohol_advertising"
2919,"Alcohol_equivalence"
2920,"Alcoholic_beverage"
2921,"Alcohol_education"
2922,"Alcohol_powder"
2923,"Alcohol_septal_ablation"
2924,"Alcohol_without_liquid"
2925,"Alcohol_and_weight"
2926,"Alcohol_tolerance"
2927,"Alcoholism"
2928,"Anstie%27s_limit"
2929,"Antipokhmelin"
2930,"Biphasic_curve"
2931,"Blood_alcohol_content"
2932,"Christianity_and_alcohol"
2933,"Committee_of_Fifty_%281893%29"
2934,"Corporification"
2935,"Dipsomania"
2936,"Distilled_beverage"
2937,"Drinking_culture"
2938,"Ethanol"
2939,"Ethylphenidate"
2940,"History_of_alcohol"
2941,"Hope_UK"
2942,"List_of_alcohol-related_topics"
2943,"Long-term_effects_of_alcohol"
2944,"MADD_Canada"
2945,"Neo-prohibitionism"
2946,"Nital"
2947,"Sex_on_the_beach_%28cocktail%29"
2948,"Short-term_effects_of_alcohol"
2949,"Alcohol_use_and_sleep"
2950,"The_Gordie_Foundation"
2951,"Woo_Woo_%28cocktail%29"
2952,"Impact_of_alcohol_on_aging"
2953,"List_of_countries_by_alcohol_consumption"
2954,"Lumumba_%28drink%29"
2955,"Ambien_CR"
2956,"Alpidem"
2957,"Azaspirodecanedione"
2958,"Benzoctamine"
2959,"Buspirone"
2960,"Captodiame"
2961,"Etifoxine"
2962,"Gedocarnil"
2963,"Gepirone"
2964,"Indiplon"
2965,"Ipsapirone"
2966,"Opipramol"
2967,"Panadiplon"
2968,"Picamilon"
2969,"Pipequaline"
2970,"Pizotifen"
2971,"Tandospirone"
2972,"Zolpidem"
2973,"Adipiplon"
2974,"CGS-20625"
2975,"CGS-9896"
2976,"ELB-139"
2977,"Eglumegad"
2978,"Erythravine"
2979,"Flesinoxan"
2980,"L-838%2C417"
2981,"NS-2664"
2982,"NS-2710"
2983,"Oxanamide"
2984,"RWJ-51204"
2985,"SB-205%2C384"
2986,"SL-651%2C498"
2987,"TP-003"
2988,"TP-13"
2989,"TPA-023"
2990,"Tracazolate"
2991,"Y-23684"
2992,"Annual_cannabis_use_by_country"
2993,"Asmasol"
2994,"Bhang"
2995,"Bill_Mescher"
2996,"Budder"
2997,"Canasol"
2998,"Cannabis_%28drug%29"
2999,"Cannabis_%28etymology%29"
3000,"Cannabis_sativa"
3001,"Cannabis"
3002,"Cannabis_Social_Club"
3003,"Cannabis_smoking"
3004,"Cannabis_%28hashish%29_rosin"
3005,"Cannabis_flower_essential_oil"
3006,"Cannabrick_construction"
3007,"Charas"
3008,"Hashish"
3009,"Hemp"
3010,"Hemp_oil"
3011,"HopeNet"
3012,"Hunter_Valley_cannabis_infestation"
3013,"Ice-water_separation"
3014,"Iceolator_hash"
3015,"Jacques-Joseph_Moreau_de_Tours"
3016,"Joint_%28cannabis%29"
3017,"Kief"
3018,"Marijuana_Anonymous"
3019,"Odet-Cascadec-Bollor%C3%A9"
3020,"Philadelphia_blunt_ban"
3021,"Thai_stick"
3022,"Cannabis_College"
3023,"National_Cannabis_Prevention_and_Information_Centre"
3024,"Adult_lifetime_cannabis_use_by_country"
3025,"Cannabis_use_disorders"
3026,"Cannabis_consumption"
3027,"Effects_of_cannabis"
3028,"Hempcrete"
3029,"Intravenous_Marijuana_Syndrome"
3030,"Lakesweed"
3031,"Morning_Star_%28cannabis%29"
3032,"Otago_NORML"
3033,"Narkiology_Incident"
3034,"Spots_%28cannabis%29"
3035,"The_JDS_Three"
3036,"Volcano_Vaporizer"
3037,"Black_cocaine"
3038,"Brown-brown"
3039,"CIA_and_Contras_cocaine_trafficking_in_the_US"
3040,"Coca_eradication"
3041,"Cocaine_Anonymous"
3042,"Cocaine_Cowboys"
3043,"Cocain_Romance"
3044,"Cocaine:_An_Unauthorized_Biography"
3045,"Cocawine"
3046,"Cocaine_%28song%29"
3047,"Cocaine_spoon"
3048,"Crack_epidemic_%28United_States%29"
3049,"Fishscale_cocaine"
3050,"Guiga_Lyes_Ben_Laroussi"
3051,"Hollywood_%28slang%29"
3052,"Juan_Matta-Ballesteros"
3053,"Legal_status_of_cocaine"
3054,"List_of_countries_by_prevalence_of_cocaine_use"
3055,"On_a_New_Organic_Base_in_the_Coca_Leaves"
3056,"Paco_%28drug%29"
3057,"Paolo_Mantegazza"
3058,"Plan_Colombia"
3059,"Vin_Mariani"
3060,"Ypadu"
3061,"Albert_Niemann_%28chemist%29"
3062,"Crack_stem"
3063,"Crack_lung"
3064,"Met-enkephalin"
3065,"2-Methyl-3%2C3-diphenyl-3-propanolamine"
3066,"Dexoxadrol"
3067,"Dissociative_drug"
3068,"Dizocilpine"
3069,"Enadoline"
3070,"Eticyclidine"
3071,"Etoxadrol"
3072,"Jenkem"
3073,"Rolicyclidine"
3074,"Tenocyclidine"
3075,"Whipped-cream_charger"
3076,"%284aR%2C9aS%29-N-ethyl-4%2C4a%2C9%2C9a-tetrahydro-1H-fluoren-4a-amine"
3077,"8a-Phenyldecahydroquinoline"
3078,"Gacyclidine"
3079,"HZ-2"
3080,"Remacemide"
3081,"Spiradoline"
3082,"U-50488"
3083,"Alternative_Livelihood"
3084,"Anti-Narcotics_Force"
3085,"Arguments_for_and_against_drug_prohibition"
3086,"Balloon_swallower"
3087,"Cindy_Fazey"
3088,"Controlled_Drug"
3089,"Controlled_Drugs_and_Substances_Act"
3090,"Controlled_substance"
3091,"DUID"
3092,"Demand_reduction"
3093,"Diversion_Investigator"
3094,"Drug_policy_of_the_United_States"
3095,"Drug_policy_of_the_Netherlands"
3096,"Drug-related_crime"
3097,"Drug_diversion"
3098,"Drug_liberalization"
3099,"Drug_policy"
3100,"Drug_policy_reform"
3101,"Drug_test"
3102,"Drugwipe_test"
3103,"Insite"
3104,"International_Narcotics_Control_Caucus"
3105,"International_Drug_Control"
3106,"International_Opium_Commission"
3107,"International_Narcotics_Control_Board"
3108,"Legal_status_of_Salvia_divinorum"
3109,"Louisiana_State_Act_159"
3110,"Misuse_of_Drugs_Act_%28Ireland%29"
3111,"Misuse_of_Drugs_Act_%28Singapore%29"
3112,"Misuse_of_Drugs_Act_%28New_Zealand%29"
3113,"Misuse_of_Drugs_Act_%28Belize%29"
3114,"Misuse_of_Drugs_Act_1971"
3115,"Narcotic_Drugs_and_Psychotropic_Substances_Act_%28India%29"
3116,"Narcotic_Drugs_and_Psychotropic_Substances_Act_%28Estonia%29"
3117,"Narcotic_Drugs_and_Psychotropic_Substances_Act_%28Sudan%29"
3118,"Operation_Keymer"
3119,"Pharmaceutical_diversion"
3120,"Plan_Patriota"
3121,"Prohibition_%28drugs%29"
3122,"Prohibitionism"
3123,"Psychotropic_Substances_Act_%28Thailand%29"
3124,"Release_%28information_centre%29"
3125,"Royal_Commission_of_Inquiry_into_Drug_Trafficking"
3126,"United_Nations_Office_on_Drugs_and_Crime"
3127,"United_Nations_International_Drug_Control_Programme"
3128,"Voodoo_pharmacology"
3129,"Drug_policy_of_Sweden"
3130,"M%C3%A9rida_Initiative"
3131,"Opium_Law"
3132,"SB-277011-A"
3133,"SCH_23390"
3134,"Nafadotride"
3135,"Eticlopride"
3136,"N-Methylspiperone"
3137,"Afterglow_%28drug_culture%29"
3138,"Bad_trip"
3139,"Beatnik"
3140,"Candy_raver"
3141,"Club_drug"
3142,"Cocalero"
3143,"Contact_high"
3144,"Cutting_agent"
3145,"DanceSafe"
3146,"Doctor_shopping"
3147,"Drug_subculture"
3148,"Drug_combination"
3149,"Drug_tourism"
3150,"Drug_use"
3151,"E_for_Ecstasy"
3152,"Enlighten_Harm_Reduction"
3153,"Erowid"
3154,"Fitz_Hugh_Ludlow_Memorial_Library"
3155,"Furthur"
3156,"Harm_reduction"
3157,"Head_shop"
3158,"Heroin_chic"
3159,"Hippy_Sippy"
3160,"Illicit_drug_use_in_Australia"
3161,"Intravenous_drug_use_%28recreational%29"
3162,"Ket_Avenue"
3163,"Lacing_%28drugs%29"
3164,"Laugher"
3165,"Les_paradis_artificiels"
3166,"Methylphenidate"
3167,"Mushroom_tea"
3168,"Needle-exchange_programme"
3169,"Needle_sharing"
3170,"Oscar_Zeta_Acosta"
3171,"Party_and_play"
3172,"Pharming_party"
3173,"Pill_testing"
3174,"Poly_drug_use"
3175,"Reducing_Americans%27_Vulnerability_to_Ecstasy_Act"
3176,"Recreational_drug_use"
3177,"Responsible_drug_use"
3178,"Rochdale_College"
3179,"Safe_injection_site"
3180,"Set_and_setting"
3181,"Sin_City_%28description%29"
3182,"Smart_shop"
3183,"Solar_puffing"
3184,"Strawberry_quick_meth"
3185,"Suicide_Tuesday"
3186,"The_Chemical_Religion"
3187,"Trip_sitter"
3188,"Turn_on%2C_tune_in%2C_drop_out"
3189,"Tweaking_%28behavior%29"
3190,"The_Big_Cube"
3191,"Drug_fraud"
3192,"List_of_films_containing_frequent_marijuana_use"
3193,"Operation_Overgrow"
3194,"Skin_popping"
3195,"Narco-capitalism"
3196,"War_on_Drugs"
3197,"Apronal"
3198,"Bromisoval"
3199,"Carbromal"
3200,"Chloral_hydrate"
3201,"Chloralodol"
3202,"Chlorobutanol"
3203,"Clomethiazole"
3204,"Cyclopyrrolones"
3205,"Ethinamate"
3206,"Eszopiclone"
3207,"Hypnotic"
3208,"Narco_Analysis"
3209,"Narcosynthesis"
3210,"Pyrithyldione"
3211,"Sulfonmethane"
3212,"Zopiclone"
3213,"Zaleplon"
3214,"Centalun"
3215,"Embutramide"
3216,"Paint_thinner"
3217,"5-Hydroxytryptophan"
3218,"Adderall"
3219,"Adrafinil"
3220,"Aniracetam"
3221,"Armodafinil"
3222,"Brivaracetam"
3223,"Centrophenoxine"
3224,"Citicoline"
3225,"Coluracetam"
3226,"Cyprodenate"
3227,"Dimethylethanolamine"
3228,"Ensaculin"
3229,"Ergoloid"
3230,"Etiracetam"
3231,"Fasoracetam"
3232,"Fipexide"
3233,"Inositol"
3234,"Lecithin"
3235,"Linopirdine"
3236,"Modafinil"
3237,"Nebracetam"
3238,"Nefiracetam"
3239,"Nootropic"
3240,"Oxiracetam"
3241,"Phenylpiracetam"
3242,"Phenibut"
3243,"Piracetam"
3244,"Pramiracetam"
3245,"Pyritinol"
3246,"Racetam"
3247,"Rolziracetam"
3248,"Seletracetam"
3249,"Smart_drink"
3250,"Sulbutiamine"
3251,"Vasopressin"
3252,"Vinconate"
3253,"Acaprazine"
3254,"Dimiracetam"
3255,"Imuracetam"
3256,"Leteprinim"
3257,"Taltirelin"
3258,"Tricyanoaminopropene"
3259,"%CE%915IA"
3260,"Brain_Toniq"
3261,"Think_Gum"
3262,"4-Fluoroamphetamine"
3263,"6-Hydroxydopamine"
3264,"Amphetamine"
3265,"Bambuterol"
3266,"Beta-methyl-phenethylamine"
3267,"Cafedrine"
3268,"Clenbuterol"
3269,"Dextroamphetamine"
3270,"Dimetofrine"
3271,"Dopexamine"
3272,"Emopamil"
3273,"Etilefrine"
3274,"Formoterol"
3275,"Gepefrine"
3276,"Mephentermine"
3277,"Metanephrine"
3278,"Methoxamine"
3279,"Methylphenethylamine"
3280,"N-Phenethyl-4-piperidinone"
3281,"Norfenfluramine"
3282,"Norfenefrine"
3283,"Normetanephrine"
3284,"Octopamine"
3285,"Orciprenaline"
3286,"Phenethylamine"
3287,"Prolintane"
3288,"Salmeterol"
3289,"Synephrine"
3290,"Thyronamine"
3291,"Venlafaxine"
3292,"1-Phenylethylamine"
3293,"3-Methoxytyramine"
3294,"Alfetamine"
3295,"Arformoterol"
3296,"Buphenine"
3297,"Cimaterol"
3298,"Denopamine"
3299,"Mabuterol"
3300,"Tretoquinol"
3301,"Tulobuterol"
3302,"Carbuterol"
3303,"Rimiterol"
3304,"4-Methylthioamphetamine"
3305,"Beleric"
3306,"Carbogen"
3307,"Cognitive_liberty"
3308,"Clyde_Apperson"
3309,"Convention_on_Psychotropic_Substances"
3310,"Designer_drug"
3311,"Entheogen"
3312,"Entheogenic_drugs_and_the_archaeological_record"
3313,"Form_constant"
3314,"Gonzales_v._O_Centro_Espirita_Beneficente_Uniao_do_Vegetal"
3315,"Hallucination"
3316,"Hallucinogen_persisting_perception_disorder"
3317,"Ichthyoallyeinotoxism"
3318,"JLF"
3319,"Nutmeg"
3320,"Oneirogen"
3321,"Operation_Web_Tryp"
3322,"Phalaris_aquatica"
3323,"Psilocybin_mushrooms"
3324,"Psychedelic"
3325,"Psychedelics%2C_dissociatives_and_deliriants"
3326,"Psychedelic_therapy"
3327,"Serotonergic_psychedelic"
3328,"Substituted_amphetamines"
3329,"William_Leonard_Pickard"
3330,"List_of_entheogens"
3331,"2%2C2%2C2-Trichloroethanol"
3332,"Carbitral"
3333,"Cloroqualone"
3334,"Date_rape_drug"
3335,"Detomidine"
3336,"Etaqualone"
3337,"Ethchlorvynol"
3338,"Gaboxadol"
3339,"Gamma-Butyrolactone"
3340,"Glutethimide"
3341,"Inebriating_mint"
3342,"Loreclezole"
3343,"Mecloqualone"
3344,"Mebroqualone"
3345,"Methaqualone"
3346,"Methylmethaqualone"
3347,"Methyl_pentanoate"
3348,"Necopidem"
3349,"Ocinaplon"
3350,"Pazinaclone"
3351,"Pyrazolopyrimidine"
3352,"Ramelteon"
3353,"Saripidem"
3354,"Sedative"
3355,"Suproclone"
3356,"Suriclone"
3357,"Triclofos"
3358,"Truth_drug"
3359,"Unisom"
3360,"Valerenic_acid"
3361,"Aceburic_acid"
3362,"Acecarbromal"
3363,"Acebrochol"
3364,"CL-218%2C872"
3365,"Petrichloral"
3366,"ROD-188"
3367,"SX-3228"
3368,"U-89843A"
3369,"U-90042"
3370,"SB-649%2C868"
3371,"%28-%29-1-Phenyl-2-propylaminopentane"
3372,"%28-%29-2%CE%B2-Carbomethoxy-3%CE%B2-phenyltropane"
3373,"%28-%29-1-%28Benzofuran-2-yl%29-2-propylaminopentane"
3374,"%28-%29-2%CE%B2-Carbomethoxy-3%CE%B2-%284-fluorophenyl%29tropane"
3375,"1-%283-Chlorophenyl%29piperazine"
3376,"1-Methyl-4-benzylpiperazine"
3377,"%28-%29-2%CE%B2-Carbomethoxy-3%CE%B2-%284-iodophenyl%29tropane"
3378,"3%2C4-Dimethylamphetamine"
3379,"4-Methyl-aminorex"
3380,"Alpha-pyrrolidinopropiophenone"
3381,"Amphetaminil"
3382,"Benzylpiperazine"
3383,"Brasofensine"
3384,"CX-516"
3385,"CX717"
3386,"Cathinone"
3387,"Clortermine"
3388,"Clofenciclan"
3389,"Clominorex"
3390,"Cypenamine"
3391,"Desoxypipradrol"
3392,"Dexmethylphenidate"
3393,"Dimethylcathinone"
3394,"Ethylamphetamine"
3395,"Exercise_and_stimulants"
3396,"Fenethylline"
3397,"Fenozolone"
3398,"Feprosidnine"
3399,"Fenproporex"
3400,"Fluminorex"
3401,"Furfenorex"
3402,"Gilutensin"
3403,"Hexacyclonate"
3404,"Indanorex"
3405,"Indatraline"
3406,"Ioflupane_%28123I%29"
3407,"Levomethamphetamine"
3408,"MDPV"
3409,"Mefenorex"
3410,"Mesocarb"
3411,"Methcathinone"
3412,"Mini-thin"
3413,"Naphthylisopropylamine"
3414,"Nocaine"
3415,"Paramethoxymethamphetamine"
3416,"Paramethoxyethylamphetamine"
3417,"Paraxanthine"
3418,"Phacetoperane"
3419,"Phenyltropane"
3420,"Pipradrol"
3421,"Propylamphetamine"
3422,"Propylhexedrine"
3423,"Pyrovalerone"
3424,"RTI-121"
3425,"Tesofensine"
3426,"Thozalinone"
3427,"Tuaminoheptane"
3428,"Yaba_%28drug%29"
3429,"Zylofuramine"
3430,"%28-%29-2%CE%B2-Carbomethoxy-3%CE%B2-%283%2C4-dichlorophenyl%29tropane"
3431,"%28-%29-2%CE%B2-%281%2C2%2C4-oxadiazol-5-methyl%29-3%CE%B2-phenyltropane"
3432,"%28-%29-2%CE%B2-%283-%284-methylphenyl%29isoxazol-5-yl%29-3%CE%B2-%284-chlorophenyl%29tropane"
3433,"%28-%29-2%CE%B2-Carbocyclobutoxy-3%CE%B2-%284-methylphenyl%29tropane"
3434,"%28-%29-Methyl-1-methyl-4%CE%B2-%282-naphthyl%29piperidine-3%CE%B2-carboxylate"
3435,"2-Benzylpiperidine"
3436,"2-Butyl-3-%28p-tolyl%29quinuclidine"
3437,"2-Propanoyl-3-%284-isopropylphenyl%29-tropane"
3438,"2%CE%B1-%28Propanoyl%29-3%CE%B2-%282-%286-methoxynaphthyl%29%29-tropane"
3439,"2%CE%B2-Propanoyl-3%CE%B2-%282-naphthyl%29-tropane"
3440,"2%CE%B2-Propanoyl-3%CE%B2-%284-tolyl%29-tropane"
3441,"3%CE%B2-%284%27-Chlorophenyl%29-2%CE%B2-%283%27-phenylisoxazol-5%27-yl%29tropane"
3442,"4-Methylmethcathinone"
3443,"4-Fluoromethamphetamine"
3444,"Altropane"
3445,"Amfepentorex"
3446,"Diclofensine"
3447,"Dimethylamphetamine"
3448,"Difluoropine"
3449,"Diphemethoxidine"
3450,"Ethcathinone"
3451,"Fludorex"
3452,"Geranamine"
3453,"HDMP-28"
3454,"LR-5182"
3455,"N-%283%27-Fluoropropyl-%29-3%CE%B2-%284%27-chlorophenyl%29-2%CE%B2-%283%27-phenylisoxazol-5%27-yl%29nortropane"
3456,"N-%282%27-Fluoroethyl-%29-3%CE%B2-%284%27-chlorophenyl%29-2%CE%B2-%283%27-phenylisoxazol-5%27-yl%29nortropane"
3457,"Phthalimidopropiophenone"
3458,"Coramine"
3459,"AMPA"
3460,"CNQX"
3461,"DNQX"
3462,"NBQX"
3463,"Tezampanel"
3464,"Bicuculline"
3465,"Cicutoxin"
3466,"DMCM"
3467,"Flumazenil"
3468,"GABA_antagonist"
3469,"Gabazine"
3470,"Picrotoxin"
3471,"Tetramethylenedisulfotetramine"
3472,"Thujone"
3473,"Philanthotoxin"
3474,"AP7"
3475,"APV_%28NMDAR_antagonist%29"
3476,"DCKA"
3477,"Ifenprodil"
3478,"Kynurenic_acid"
3479,"NMDA_receptor_antagonist"
3480,"Olney%27s_lesions"
3481,"Riluzole"
3482,"CGP-37849"
3483,"CPPene"
3484,"Delucemine"
3485,"Neramexane"
3486,"Perzinfotel"
3487,"Rhynchophylline"
3488,"PEAQX"
3489,"2%2C5-Dimethoxy-4-bromoamphetamine"
3490,"2%2C5-Dimethoxy-4-methylamphetamine"
3491,"2C-B"
3492,"2C-T-7"
3493,"2C-T-21"
3494,"5-Methoxy-diisopropyltryptamine"
3495,"8-OH-DPAT"
3496,"Bromo-DragonFLY"
3497,"Dexfenfluramine"
3498,"Dimethyltryptamine"
3499,"Ergine"
3500,"Lysergic_acid_diethylamide"
3501,"MeOPP"
3502,"Mescaline"
3503,"PFPP"
3504,"Psilocin"
3505,"Serotonin_receptor_agonist"
3506,"Trifluoromethylphenylpiperazine"
3507,"Xaliproden"
3508,"1-Methyl-5-methoxy-diisopropyltryptamine"
3509,"5-Carboxamidotryptamine"
3510,"Binospirone"
3511,"Lorcaserin"
3512,"Quipazine"
3513,"Vilazodone"
3514,"Ketanserin"
3515,"Mianserin"
3516,"Ritanserin"
3517,"5-I-R91150"
3518,"Cinanserin"
3519,"Cianopramine"
3520,"Piboserod"
3521,"Sarpogrelate"
3522,"Ibodutant"
3523,"Intrinsa"
3524,"Scentuelle"
3525,"Arbutamine"
3526,"Norepinephrine"
3527,"Cysteinyldopa"
3528,"D-DOPA"
3529,"Deoxyepinephrine"
3530,"Nordefrin"
3531,"Oxidopamine"
3532,"Apraclonidine"
3533,"Dipivefrine"
3534,"Dobutamine"
3535,"Isometheptene"
3536,"Mazindol"
3537,"Metaraminol"
3538,"Eastern_equine_encephalitis_virus"
3539,"Equine_infectious_anemia"
3540,"Equine_influenza"
3541,"West_Nile_virus"
3542,"ACAM-FLU-A"
3543,"Lovaxin_C"
3544,"Ty21a"
3545,"Albert_Sabin"
3546,"Almroth_Wright"
3547,"Edward_Jenner"
3548,"Edgar_Crookshank"
3549,"Frederick_F._Russell"
3550,"Hilary_Koprowski"
3551,"Jonas_Salk"
3552,"Louis_Pasteur"
3553,"Maurice_Hilleman"
3554,"Paul_Offit"
3555,"Stanley_Plotkin"
3556,"Bruce_Edwards_Ivins"
3557,"David_Bodian"
